TransactionID,Date,ProductCategory,ProductName,Quantity,UnitPrice,Discount(%),TotalAmount,Profit,PaymentMode,CustomerType,StoreLocation
100000,2023-04-13,Snacks,Nuts,4,302.11,0,1208.44,192.74,Cash,New,Semi-Urban
100001,2023-12-15,Household,Tissue,6,372.39,15,1899.19,302.48,Cash,Regular,Semi-Urban
100002,2023-09-28,Snacks,Chocolate,12,113.38,0,1360.56,333.49,UPI,New,Urban
100003,2023-04-17,Dairy,Milk,9,422.39,0,3801.51,554.89,Card,Regular,Rural
100004,2023-03-13,Beverages,Juice,15,24.87,0,373.05,37.37,Card,New,Rural
100005,2023-07-08,Snacks,Chips,16,423.47,0,6775.52,1646.77,UPI,Member,Semi-Urban
100006,2023-01-21,Vegetables,Potato,12,235.56,5,2685.38,360.48,UPI,New,Semi-Urban
100007,2023-04-13,Household,Detergent,14,116.62,0,1632.68,197.39,Cash,New,Semi-Urban
100008,2023-05-02,Vegetables,Carrot,13,75.55,0,982.15,144.87,Card,Regular,Semi-Urban
100009,2023-08-03,Fruits,Apple,2,477.12,5,906.53,159.53,UPI,New,Urban
100010,2023-11-27,Beverages,Tea,3,45.61,0,136.83,26.71,Card,New,Urban
100011,2023-03-29,Snacks,Nuts,10,107.56,10,968.04,105.43,Cash,Regular,Urban
100012,2023-04-10,Vegetables,Onion,9,180.43,5,1542.68,453.72,UPI,Member,Urban
100013,2023-12-26,Beverages,Coffee,8,313.92,0,2511.36,610.79,Card,Member,Semi-Urban
100014,2023-06-01,Fruits,Banana,10,276.95,5,2631.02,433.17,Card,Member,Urban
100015,2023-05-11,Dairy,Yogurt,19,71.57,0,1359.83,222.66,Cash,New,Urban
100016,2023-05-30,Household,Detergent,3,151.97,5,433.11,82.17,UPI,Regular,Urban
100017,2023-11-05,Beverages,Coffee,5,126.99,0,634.95,143.02,Card,Member,Semi-Urban
100018,2023-09-15,Beverages,Juice,3,114.64,0,343.92,44.46,Cash,Member,Rural
100019,2023-12-10,Dairy,Butter,16,211.46,5,3214.19,442.87,Card,Member,Semi-Urban
100020,2023-10-21,Beverages,Juice,17,354.98,15,5129.46,1394.63,Cash,Member,Rural
100021,2023-07-11,Fruits,Mango,15,,20,1398.6,211.54,Card,Regular,Rural
100022,2023-10-04,Fruits,Mango,3,189.67,5,540.56,95.16,Card,Member,Urban
100023,2023-06-10,Dairy,Yogurt,12,201.55,0,2418.6,663.31,Cash,New,Urban
100024,2023-11-10,Household,Detergent,9,488.46,0,4396.14,1022.67,UPI,New,Urban
100025,2023-01-22,Snacks,Chocolate,12,477.79,0,5733.48,965.19,,Regular,Semi-Urban
100026,2023-09-10,Vegetables,Onion,15,402.07,0,6031.05,1427.79,UPI,Member,Semi-Urban
100027,2023-08-24,Snacks,Nuts,2,128.41,0,256.82,26.69,Card,Member,Urban
100028,2023-12-11,Beverages,Coffee,18,43.34,15,663.1,163.87,Card,New,Semi-Urban
100029,2023-02-18,Vegetables,Potato,12,165.28,0,1983.36,391.52,Cash,Regular,Semi-Urban
100030,2023-02-28,Dairy,Milk,4,140.73,0,562.92,147.84,Cash,New,Rural
100031,2023-06-19,Dairy,Milk,16,257.9,0,4126.4,1200.48,,Regular,Semi-Urban
100032,2023-07-07,Household,Cleaner,16,391.09,10,5631.7,1605.92,UPI,Regular,Rural
100033,2023-09-28,Vegetables,Potato,1,430.58,5,409.05,115.29,,Regular,Urban
100034,2023-07-09,Fruits,Mango,2,423.98,5,805.56,163.07,Cash,New,Semi-Urban
100035,2023-06-24,Vegetables,Onion,3,186.24,0,558.72,96.12,Card,Regular,Rural
100036,2023-02-20,Beverages,Soda,17,346.74,10,5305.12,1023.93,Cash,New,Semi-Urban
100037,2023-12-30,Fruits,Apple,1,163.29,0,163.29,38.86,Card,New,Rural
100038,2023-02-24,Dairy,Cheese,6,39.84,15,203.18,56.24,Cash,Member,Rural
100039,2023-09-01,Vegetables,Tomato,15,-100.0,5,5041.22,712.82,Cash,New,Semi-Urban
100040,2023-11-16,Snacks,Biscuits,14,14.82,0,207.48,58.85,UPI,New,Urban
100041,2023-05-11,Household,Cleaner,15,210.5,0,3157.5,830.54,Card,Member,Rural
100042,2023-11-03,Snacks,Chips,14,171.4,5,2279.62,674.25,Cash,Member,Urban
100043,2023-05-15,Household,Cleaner,5,349.75,0,1748.75,482.74,Cash,Member,Semi-Urban
100044,2023-01-21,Beverages,Tea,6,-100.0,15,1965.85,306.65,Card,Regular,Semi-Urban
100045,2023-11-25,Snacks,Chips,17,159.01,0,2703.17,327.6,Cash,Regular,Urban
100046,2023-06-16,Vegetables,Tomato,11,407.7,0,4484.7,549.14,Card,Member,Semi-Urban
100047,2023-10-01,Vegetables,Carrot,16,154.02,0,2464.32,389.97,UPI,Regular,Rural
100048,2023-03-30,Snacks,Nuts,12,,0,2744.4,611.55,UPI,Member,Urban
100049,2023-11-12,Vegetables,Carrot,-5,366.24,0,5493.6,1433.08,Card,Regular,Semi-Urban
100050,2023-01-14,Beverages,Tea,4,349.53,0,1398.12,391.26,UPI,New,Semi-Urban
100051,2023-08-30,Fruits,Orange,18,493.81,5,8444.15,1897.83,Card,Regular,Urban
100052,2023-09-22,Beverages,Coffee,3,,0,360.99,36.51,Cash,Regular,Rural
100053,2023-12-12,Household,Cleaner,8,334.54,20,2141.06,293.89,Cash,New,Urban
100054,2023-02-22,Beverages,Tea,3,308.74,5,879.91,105.54,Card,Member,Semi-Urban
100055,2023-12-06,Household,Soap,8,458.4,10,3300.48,569.88,Cash,Regular,Semi-Urban
100056,2023-04-02,Vegetables,Tomato,18,86.62,0,1559.16,312.25,UPI,Regular,Urban
100057,2023-09-21,Fruits,Orange,10,378.38,0,3783.8,411.22,Cash,New,Rural
100058,2023-02-04,Vegetables,Carrot,17,288.45,0,4903.65,832.13,Cash,New,Rural
100059,2023-07-25,Dairy,Cheese,8,144.59,5,1098.88,149.27,Card,New,Rural
100060,2023-03-22,Vegetables,Carrot,11,242.47,15,2267.09,520.1,UPI,New,Urban
100061,2023-02-19,Household,Detergent,5,173.55,0,867.75,167.35,Cash,Member,Rural
100062,2023-12-26,Vegetables,Carrot,13,293.86,0,3820.18,760.46,Cash,Regular,Rural
100063,2023-01-02,Vegetables,Tomato,5,445.61,15,1893.84,351.38,Card,Regular,Rural
100064,2023-02-23,Fruits,Orange,13,288.96,0,3756.48,1093.9,Card,Regular,Rural
100065,2023-04-16,Vegetables,Onion,6,319.54,5,1821.38,260.36,UPI,Regular,Semi-Urban
100066,2023-09-17,Fruits,Apple,5,264.19,5,1254.9,255.16,Cash,Member,Urban
100067,2023-11-06,Snacks,Biscuits,9,-100.0,10,284.07,70.22,Card,Regular,Urban
100068,2023-07-10,Dairy,Cheese,16,124.1,0,1985.6,419.69,Card,Member,Rural
100069,2023-08-06,Fruits,Banana,2,251.08,0,502.16,143.52,Card,Member,Urban
100070,2023-02-13,Household,Soap,1,162.02,5,153.92,27.03,UPI,New,Urban
100071,2023-06-11,Snacks,Biscuits,8,99.06,15,673.61,129.83,Card,New,Semi-Urban
100072,2023-07-21,Fruits,Apple,19,,0,4883.57,574.82,UPI,Regular,Urban
100073,2023-09-27,Fruits,Mango,11,168.18,0,1849.98,410.33,UPI,Member,Semi-Urban
100074,2023-12-17,Dairy,Yogurt,12,136.47,5,1555.76,245.25,Cash,New,Urban
100075,2023-10-31,Household,Soap,12,237.35,15,2420.97,319.72,Cash,Member,Semi-Urban
100076,2023-09-28,Beverages,Tea,7,75.31,10,474.45,99.12,UPI,New,Semi-Urban
100077,2023-08-03,Beverages,Coffee,13,464.6,20,4831.84,997.59,Cash,Member,Urban
100078,2023-09-09,Fruits,Banana,8,435.17,0,3481.36,400.96,Cash,Regular,Semi-Urban
100079,2023-07-09,Vegetables,Tomato,9,356.73,0,3210.57,769.39,Card,Regular,Semi-Urban
100080,2023-10-23,Household,Detergent,7,62.04,5,412.57,92.73,Cash,Member,Urban
100081,2023-08-01,Snacks,Biscuits,15,390.18,10,5267.43,725.87,UPI,New,Semi-Urban
100082,2023-07-27,Vegetables,Onion,2,405.9,0,811.8,157.4,Cash,New,Semi-Urban
100083,2023-08-25,Vegetables,Potato,12,386.2,0,4634.4,1131.09,Card,Regular,Semi-Urban
100084,2023-12-04,Household,Cleaner,1,65.84,10,59.26,12.2,UPI,Regular,Semi-Urban
100085,2023-02-22,Fruits,Mango,-5,325.51,0,2604.08,466.39,Cash,Regular,Semi-Urban
100086,2023-10-07,Fruits,Apple,5,418.82,0,2094.1,344.41,UPI,New,Rural
100087,2023-08-05,Fruits,Banana,15,292.9,5,4173.82,926.92,Cash,New,Semi-Urban
100088,2023-09-09,Fruits,Apple,1,326.74,5,310.4,89.34,Card,Regular,Semi-Urban
100089,2023-07-07,Beverages,Soda,1,-100.0,10,211.14,49.48,Cash,Member,Semi-Urban
100090,2023-02-10,Fruits,Apple,10,269.07,0,2690.7,309.29,UPI,New,Semi-Urban
100091,2023-06-06,Beverages,Soda,10,26.84,5,254.98,48.99,UPI,Regular,Urban
100092,2023-01-15,Beverages,Soda,15,323.09,5,4604.03,1280.68,UPI,Member,Rural
100093,2023-10-28,Fruits,Banana,17,49.91,5,806.05,95.83,Cash,New,Urban
100094,2023-03-06,Dairy,Cheese,6,223.16,5,1272.01,378.77,Cash,Member,Rural
100095,2023-12-11,Snacks,Biscuits,3,153.4,0,460.2,133.37,Cash,Member,Semi-Urban
100096,2023-11-23,Vegetables,Potato,13,277.26,0,3604.38,416.86,Card,New,Semi-Urban
100097,2023-01-09,Beverages,Soda,16,75.37,0,1205.92,345.72,Card,Regular,Rural
100098,2023-12-10,Household,Detergent,8,348.91,0,2791.28,481.85,Card,Member,Rural
100099,2023-05-09,Household,Detergent,15,399.56,5,5693.73,1531.28,UPI,Regular,Urban
100100,2023-05-16,Snacks,Chips,17,90.04,10,1377.61,253.04,UPI,New,Rural
100101,2023-03-04,Household,Cleaner,17,61.11,10,934.98,175.94,UPI,Member,Semi-Urban
100102,2023-05-19,Dairy,Cheese,13,81.3,10,951.21,215.78,UPI,Member,Urban
100103,2023-03-22,Household,Cleaner,17,439.79,0,7476.43,1905.71,UPI,Member,Rural
100104,2023-06-12,Vegetables,Potato,6,268.81,0,1612.86,172.19,Cash,Member,Rural
100105,2023-10-16,Vegetables,Potato,17,238.96,0,4062.32,888.15,UPI,Member,Urban
100106,2023-09-18,Beverages,Juice,16,62.29,0,996.64,136.89,Cash,New,Rural
100107,2023-08-19,Fruits,Mango,14,328.28,0,4595.92,777.58,Card,Member,Semi-Urban
100108,2023-02-10,Dairy,Yogurt,13,435.32,5,5376.2,911.77,Card,New,Urban
100109,2023-01-28,Beverages,Juice,6,415.81,20,1995.89,386.83,Card,Regular,Rural
100110,2023-05-15,Dairy,Butter,3,316.77,0,950.31,158.54,Card,New,Semi-Urban
100111,2023-07-20,Fruits,Mango,14,46.89,0,656.46,79.74,Card,Member,Rural
100112,2023-11-24,Household,Soap,14,65.07,10,819.88,105.87,UPI,Regular,Urban
100113,2023-09-25,Household,Soap,15,34.16,0,512.4,54.67,UPI,New,Rural
100114,2023-02-02,Fruits,Mango,8,136.16,10,980.35,190.24,UPI,New,Rural
100115,2023-02-17,Beverages,Tea,15,76.47,10,1032.34,300.3,Card,New,Rural
100116,2023-03-03,Fruits,Apple,13,137.42,15,1518.49,186.98,Card,Member,Semi-Urban
100117,2023-08-04,Snacks,Biscuits,17,198.68,0,3377.56,976.97,Cash,Member,Semi-Urban
100118,2023-10-20,Vegetables,Onion,3,472.06,5,1345.37,331.87,UPI,New,Rural
100119,2023-04-09,Beverages,Tea,6,309.08,0,1854.48,421.89,Card,New,Rural
100120,2023-06-21,Dairy,Yogurt,5,419.14,5,1990.91,456.03,Card,Regular,Urban
100121,2023-12-26,Snacks,Nuts,17,358.07,0,6087.19,1615.21,Card,Member,Rural
100122,2023-08-02,Beverages,Soda,2,65.13,0,130.26,15.81,Cash,Member,Urban
100123,2023-02-04,Fruits,Apple,15,370.6,5,5281.05,1061.23,Card,Regular,Semi-Urban
100124,2023-08-15,Fruits,Mango,5,144.8,5,687.8,164.67,,New,Rural
100125,2023-04-11,Fruits,Mango,6,323.16,10,1745.06,379.31,Cash,New,Urban
100126,2023-05-11,Fruits,Orange,6,177.07,10,956.18,254.87,UPI,Regular,Semi-Urban
100127,2023-09-14,Dairy,Yogurt,18,498.86,5,8530.51,976.35,Card,New,Urban
100128,2023-01-05,Snacks,Nuts,18,139.14,0,2504.52,596.43,Cash,New,Semi-Urban
100129,2023-08-06,Household,Tissue,4,146.77,10,528.37,109.27,Card,Regular,Rural
100130,2023-09-12,Vegetables,Carrot,17,466.03,5,7526.38,1323.38,,Regular,Urban
100131,2023-12-25,Dairy,Butter,14,22.08,15,262.75,44.16,UPI,Regular,Rural
100132,2023-10-10,Dairy,Cheese,14,351.38,15,4181.42,937.33,Cash,New,Urban
100133,2023-07-26,Household,Detergent,13,365.41,0,4750.33,1321.54,UPI,Regular,Semi-Urban
100134,2023-01-15,Household,Soap,7,419.83,10,2644.93,526.96,UPI,New,Urban
100135,2023-12-12,Vegetables,Carrot,-5,487.48,0,5849.76,1549.86,UPI,Member,Urban
100136,2023-02-11,Vegetables,Onion,15,488.04,0,7320.6,1320.87,Card,Member,Rural
100137,2023-06-28,Household,Soap,19,41.99,5,757.92,91.31,Card,Regular,Rural
100138,2023-03-04,Fruits,Apple,11,412.7,0,4539.7,509.81,Cash,New,Rural
100139,2023-12-18,Dairy,Cheese,15,326.69,10,4410.32,486.31,Cash,New,Semi-Urban
100140,2023-08-19,Beverages,Tea,12,327.2,0,3926.4,691.16,UPI,New,Rural
100141,2023-08-29,Vegetables,Onion,3,72.89,0,218.67,36.62,UPI,Regular,Urban
100142,2023-02-21,Vegetables,Onion,17,328.59,5,5306.73,1292.65,Cash,New,Semi-Urban
100143,2023-04-06,Household,Detergent,3,491.42,10,1326.83,329.8,UPI,New,Rural
100144,2023-08-10,Snacks,Biscuits,19,456.79,15,7377.16,812.75,Cash,New,Urban
100145,2023-08-19,Beverages,Soda,4,225.17,10,810.61,116.91,Card,Member,Urban
100146,2023-08-25,Beverages,Soda,3,-100.0,5,84.27,13.05,UPI,New,Semi-Urban
100147,2023-05-23,Vegetables,Potato,16,187.52,0,3000.32,628.63,UPI,Member,Urban
100148,2023-06-20,Fruits,Mango,12,414.93,0,4979.16,641.83,UPI,New,Rural
100149,2023-01-29,Snacks,Nuts,8,353.73,0,2829.84,358.79,,New,Urban
100150,2023-02-05,Beverages,Tea,17,235.08,5,3796.54,1096.28,Card,New,Rural
100151,2023-01-13,Vegetables,Tomato,-5,37.0,5,246.05,64.18,UPI,Member,Rural
100152,2023-06-09,Beverages,Tea,11,219.18,0,2410.98,328.21,Cash,New,Semi-Urban
100153,2023-11-23,Snacks,Chips,18,239.82,10,3885.08,704.42,Card,Regular,Urban
100154,2023-07-06,Snacks,Biscuits,1,464.99,5,441.74,75.59,UPI,New,Semi-Urban
100155,2023-08-31,Dairy,Milk,3,324.13,0,972.39,251.07,UPI,Member,Semi-Urban
100156,2023-03-27,Household,Cleaner,4,162.71,0,650.84,131.5,Card,Member,Semi-Urban
100157,2023-10-11,Household,Cleaner,13,267.41,10,3128.7,392.87,Cash,Regular,Rural
100158,2023-03-07,Vegetables,Tomato,6,42.37,10,228.8,56.7,,Regular,Rural
100159,2023-06-19,Snacks,Nuts,14,486.56,15,5790.06,1038.61,Cash,Regular,Rural
100160,2023-02-14,Dairy,Cheese,5,186.43,0,932.15,142.23,Cash,Member,Rural
100161,2023-03-03,Dairy,Cheese,16,244.16,20,3125.25,547.23,Card,New,Urban
100162,2023-05-14,Beverages,Tea,15,184.09,0,2761.35,551.03,UPI,New,Urban
100163,2023-10-11,Beverages,Coffee,15,344.43,0,5166.45,871.18,UPI,Regular,Rural
100164,2023-01-28,Dairy,Milk,4,,20,1070.37,158.82,Cash,Regular,Rural
100165,2023-04-18,Beverages,Soda,8,360.51,0,2884.08,518.27,Card,New,Urban
100166,2023-02-13,Snacks,Nuts,16,141.39,5,2149.13,223.15,Card,Regular,Semi-Urban
100167,2023-12-06,Fruits,Banana,16,164.68,0,2634.88,670.58,Card,New,Semi-Urban
100168,2023-10-13,Snacks,Nuts,4,71.37,5,271.21,36.39,Cash,New,Rural
100169,2023-11-27,Dairy,Yogurt,13,331.2,15,3659.76,398.11,Cash,New,Semi-Urban
100170,2023-05-08,Dairy,Butter,13,29.5,0,383.5,88.49,,New,Rural
100171,2023-12-14,Snacks,Biscuits,2,302.86,5,575.43,146.61,Card,Member,Rural
100172,2023-08-19,Beverages,Juice,3,436.15,0,1308.45,343.82,Cash,New,Rural
100173,2023-07-09,Beverages,Tea,8,446.51,5,3393.48,674.29,Card,Regular,Urban
100174,2023-08-13,Household,Cleaner,15,230.03,0,3450.45,486.77,Cash,Regular,Semi-Urban
100175,2023-10-10,Dairy,Milk,11,235.06,0,2585.66,639.81,UPI,Regular,Urban
100176,2023-05-01,Vegetables,Onion,9,,0,429.39,103.03,Card,Regular,Semi-Urban
100177,2023-04-26,Household,Tissue,7,,0,2370.69,353.84,Cash,Member,Urban
100178,2023-08-21,Beverages,Coffee,13,412.42,15,4557.24,1279.13,Card,New,Urban
100179,2023-09-16,Snacks,Biscuits,2,129.88,0,259.76,31.4,Cash,New,Rural
100180,2023-12-25,Beverages,Soda,8,,0,1731.52,513.46,Cash,Regular,Rural
100181,2023-07-17,Snacks,Chips,7,421.03,0,2947.21,801.79,Cash,Regular,Urban
100182,2023-05-17,Household,Detergent,12,439.79,0,5277.48,1253.82,Card,Regular,Semi-Urban
100183,2023-11-14,Dairy,Yogurt,19,129.16,10,2208.64,635.53,Cash,New,Semi-Urban
100184,2023-06-14,Beverages,Juice,7,279.78,20,1566.77,383.02,UPI,Member,Rural
100185,2023-08-13,Snacks,Chips,10,104.32,0,1043.2,144.06,Card,Member,Rural
100186,2023-11-03,Dairy,Cheese,16,59.92,15,814.91,153.55,UPI,Member,Semi-Urban
100187,2023-08-22,Vegetables,Carrot,3,456.45,5,1300.88,148.69,UPI,Member,Semi-Urban
100188,2023-06-21,Snacks,Chips,10,412.05,0,4120.5,733.17,Card,Regular,Semi-Urban
100189,2023-06-01,Household,Tissue,6,,5,2179.79,541.29,Cash,New,Rural
100190,2023-11-11,Vegetables,Carrot,18,33.9,5,579.69,102.77,UPI,Regular,Semi-Urban
100191,2023-06-09,Vegetables,Carrot,-5,423.43,5,7240.65,1202.37,Card,Member,Rural
100192,2023-04-06,Fruits,Banana,5,224.64,15,954.72,209.15,Cash,Regular,Urban
100193,2023-08-21,Beverages,Tea,7,177.77,0,1244.39,341.51,Card,Member,Urban
100194,2023-06-29,Snacks,Chocolate,2,277.77,15,472.21,51.71,Card,New,Urban
100195,2023-04-23,Vegetables,Tomato,11,54.76,10,542.12,96.01,Card,Member,Semi-Urban
100196,2023-11-14,Fruits,Mango,13,380.76,0,4949.88,651.64,Cash,Regular,Rural
100197,2023-02-21,Household,Detergent,5,295.39,5,1403.1,335.44,UPI,New,Semi-Urban
100198,2023-09-25,Dairy,Yogurt,6,101.43,0,608.58,73.73,UPI,Member,Rural
100199,2023-10-22,Snacks,Nuts,14,102.23,20,1144.98,266.74,Card,Member,Semi-Urban
100200,2023-04-23,Vegetables,Potato,12,100.28,5,1143.19,179.75,Card,New,Urban
100201,2023-04-11,Beverages,Tea,4,37.93,0,151.72,21.21,Cash,Regular,Rural
100202,2023-04-23,Fruits,Mango,6,298.02,0,1788.12,513.67,Card,New,Semi-Urban
100203,2023-03-22,Vegetables,Carrot,10,421.77,5,4006.81,415.53,Card,Regular,Rural
100204,2023-07-06,Beverages,Tea,18,18.57,0,334.26,62.69,Card,Member,Rural
100205,2023-04-23,Vegetables,Potato,15,34.01,0,510.15,53.22,UPI,Member,Semi-Urban
100206,2023-01-02,Snacks,Chips,8,290.66,0,2325.28,457.43,Card,New,Semi-Urban
100207,2023-05-10,Snacks,Chocolate,9,411.55,0,3703.95,741.57,UPI,Member,Rural
100208,2023-08-08,Snacks,Chips,5,170.1,0,850.5,139.76,Cash,New,Rural
100209,2023-02-23,Household,Soap,10,181.31,0,1813.1,229.23,Cash,Member,Urban
100210,2023-12-09,Household,Cleaner,6,302.21,0,1813.26,317.82,UPI,Member,Rural
100211,2023-08-12,Fruits,Mango,16,144.36,5,2194.27,514.45,UPI,Regular,Urban
100212,2023-08-13,Snacks,Chips,3,23.04,5,65.66,16.84,UPI,New,Urban
100213,2023-05-06,Beverages,Juice,10,370.26,0,3702.6,763.29,UPI,New,Urban
100214,2023-05-10,Vegetables,Potato,11,316.57,0,3482.27,759.02,Card,Member,Rural
100215,2023-02-22,Dairy,Yogurt,11,294.57,5,3078.26,431.34,UPI,Regular,Urban
100216,2023-06-21,Beverages,Juice,17,373.43,0,6348.31,999.64,UPI,Regular,Rural
100217,2023-08-06,Household,Detergent,4,340.86,0,1363.44,180.49,UPI,New,Rural
100218,2023-06-09,Household,Tissue,4,110.88,0,443.52,66.47,Card,New,Semi-Urban
100219,2023-07-17,Beverages,Tea,17,182.72,10,2795.62,405.3,Card,Member,Rural
100220,2023-09-04,Household,Cleaner,9,71.79,10,581.5,118.56,Card,New,Rural
100221,2023-11-20,Snacks,Biscuits,19,73.63,10,1259.07,267.6,Cash,Member,Urban
100222,2023-07-22,Fruits,Orange,5,341.34,10,1536.03,443.9,Card,Regular,Rural
100223,2023-07-03,Vegetables,Tomato,6,430.71,5,2455.05,341.53,UPI,New,Rural
100224,2023-05-03,Fruits,Mango,-5,481.74,0,1445.22,329.99,Card,Regular,Semi-Urban
100225,2023-09-12,Vegetables,Tomato,1,317.89,5,302.0,79.56,Card,Regular,Semi-Urban
100226,2023-10-21,Vegetables,Tomato,16,100.21,0,1603.36,339.99,UPI,Member,Urban
100227,2023-10-07,Fruits,Orange,11,61.77,5,645.5,97.47,Card,Regular,Urban
100228,2023-11-21,Beverages,Juice,13,408.3,10,4777.11,728.56,Cash,Member,Semi-Urban
100229,2023-04-08,Vegetables,Onion,10,293.59,5,2789.1,300.81,Card,Member,Semi-Urban
100230,2023-07-17,Fruits,Mango,3,312.96,0,938.88,151.24,Cash,Regular,Rural
100231,2023-08-28,Vegetables,Carrot,9,392.92,0,3536.28,880.25,Cash,Regular,Urban
100232,2023-05-24,Dairy,Milk,12,354.61,5,4042.55,442.67,Cash,Member,Urban
100233,2023-04-07,Beverages,Soda,14,418.88,5,5571.1,801.45,UPI,Member,Rural
100234,2023-07-20,Snacks,Chocolate,1,37.54,15,31.91,7.7,Card,Regular,Rural
100235,2023-05-04,Vegetables,Onion,18,376.29,0,6773.22,1737.54,,Member,Urban
100236,2023-07-06,Dairy,Milk,17,426.92,10,6531.88,1248.0,Cash,Member,Semi-Urban
100237,2023-11-22,Snacks,Chocolate,9,150.21,5,1284.3,307.74,Card,New,Semi-Urban
100238,2023-12-15,Snacks,Chocolate,9,323.82,15,2477.22,439.93,,New,Rural
100239,2023-09-16,Vegetables,Potato,10,163.94,5,1557.43,205.55,UPI,New,Urban
100240,2023-05-28,Fruits,Banana,19,479.41,5,8653.35,1554.4,Cash,New,Rural
100241,2023-09-09,Vegetables,Tomato,15,26.38,5,375.92,81.2,UPI,New,Semi-Urban
100242,2023-12-12,Dairy,Cheese,5,294.1,10,1323.45,383.29,Card,Member,Semi-Urban
100243,2023-05-27,Snacks,Chips,15,91.59,20,1099.08,125.02,UPI,Member,Rural
100244,2023-05-28,Vegetables,Carrot,2,358.99,0,717.98,144.66,Card,New,Semi-Urban
100245,2023-12-18,Fruits,Apple,13,96.19,0,1250.47,207.31,Cash,Regular,Urban
100246,2023-07-18,Vegetables,Carrot,16,125.34,15,1704.62,343.76,Card,New,Rural
100247,2023-11-04,Beverages,Juice,15,252.24,5,3594.42,376.68,Cash,Regular,Rural
100248,2023-05-08,Fruits,Orange,10,458.27,5,4353.56,707.91,Card,Member,Rural
100249,2023-02-08,Dairy,Cheese,14,113.74,0,1592.36,420.34,Card,Regular,Semi-Urban
100250,2023-12-04,Snacks,Nuts,10,,0,806.8,170.06,UPI,Member,Urban
100251,2023-12-26,Vegetables,Tomato,14,381.9,10,4811.94,914.83,Card,Regular,Rural
100252,2023-05-09,Fruits,Banana,9,255.3,10,2067.93,324.88,Cash,Member,Rural
100253,2023-09-24,Beverages,Juice,14,456.77,0,6394.78,1020.66,Card,Member,Semi-Urban
100254,2023-05-31,Fruits,Banana,3,81.84,0,245.52,43.36,Cash,New,Urban
100255,2023-10-25,Household,Detergent,16,,10,4701.6,1255.86,Cash,Member,Rural
100256,2023-04-09,Beverages,Juice,2,124.11,0,248.22,72.84,Card,New,Semi-Urban
100257,2023-09-20,Dairy,Yogurt,10,86.81,15,737.88,138.52,UPI,New,Rural
100258,2023-09-09,Snacks,Nuts,3,344.88,0,1034.64,184.86,Card,New,Semi-Urban
100259,2023-05-24,Dairy,Butter,11,300.91,5,3144.51,846.85,Card,Regular,Urban
100260,2023-12-12,Vegetables,Potato,11,379.87,15,3551.78,658.43,UPI,Regular,Semi-Urban
100261,2023-04-22,Fruits,Orange,13,161.64,5,1996.25,420.02,Cash,Member,Rural
100262,2023-03-01,Household,Cleaner,7,,0,1606.57,234.86,Card,New,Rural
100263,2023-01-02,Beverages,Juice,17,208.68,5,3370.18,838.17,UPI,New,Semi-Urban
100264,2023-10-31,Beverages,Juice,2,492.2,0,984.4,203.18,UPI,Member,Urban
100265,2023-09-11,Fruits,Apple,12,153.2,0,1838.4,481.31,Cash,New,Urban
100266,2023-05-20,Household,Detergent,10,154.46,20,1235.68,316.52,UPI,Member,Rural
100267,2023-02-06,Fruits,Apple,18,183.73,10,2976.43,425.63,Cash,New,Rural
100268,2023-06-09,Vegetables,Tomato,11,286.65,5,2995.49,728.29,Card,Regular,Semi-Urban
100269,2023-01-09,Dairy,Cheese,16,133.64,0,2138.24,555.97,UPI,Member,Semi-Urban
100270,2023-08-21,Beverages,Soda,17,458.49,0,7794.33,1318.97,Card,Member,Semi-Urban
100271,2023-04-09,Vegetables,Carrot,19,140.19,0,2663.61,358.31,UPI,Regular,Urban
100272,2023-05-27,Dairy,Milk,18,448.95,5,7677.04,771.75,,Member,Urban
100273,2023-10-31,Vegetables,Tomato,3,60.7,10,163.89,31.17,Card,Regular,Rural
100274,2023-07-27,Household,Soap,16,331.72,5,5042.14,859.62,UPI,New,Rural
100275,2023-05-11,Beverages,Coffee,6,454.42,10,2453.87,517.72,Card,Regular,Rural
100276,2023-06-01,Fruits,Apple,12,92.69,0,1112.28,153.06,Card,Regular,Semi-Urban
100277,2023-02-23,Fruits,Mango,11,484.48,0,5329.28,1449.21,Cash,Member,Urban
100278,2023-04-30,Dairy,Butter,15,231.91,0,3478.65,527.19,Card,New,Rural
100279,2023-06-10,Snacks,Nuts,15,473.4,0,7101.0,1031.68,Cash,Regular,Rural
100280,2023-04-26,Household,Cleaner,16,341.64,0,5466.24,1072.16,Card,New,Rural
100281,2023-03-16,Dairy,Milk,10,157.78,20,1262.24,252.16,UPI,Regular,Rural
100282,2023-04-23,Snacks,Chocolate,12,102.27,0,1227.24,175.52,Card,Member,Rural
100283,2023-04-14,Vegetables,Carrot,13,158.83,15,1755.07,270.93,UPI,Regular,Rural
100284,2023-12-06,Household,Detergent,4,55.58,0,222.32,29.78,Cash,Regular,Urban
100285,2023-09-11,Vegetables,Onion,7,80.5,20,450.8,109.86,,New,Rural
100286,2023-08-15,Beverages,Tea,2,61.28,5,116.43,29.58,Card,Regular,Urban
100287,2023-04-22,Household,Soap,-5,217.24,15,2769.81,533.09,UPI,Member,Semi-Urban
100288,2023-04-09,Snacks,Nuts,8,399.83,0,3198.64,776.69,Cash,Member,Urban
100289,2023-06-02,Beverages,Tea,7,79.28,10,499.46,123.46,UPI,Regular,Semi-Urban
100290,2023-12-15,Fruits,Orange,15,73.86,15,941.72,120.21,UPI,Regular,Urban
100291,2023-12-04,Snacks,Chocolate,14,325.28,0,4553.92,1335.37,Card,New,Urban
100292,2023-07-13,Dairy,Butter,8,106.62,0,852.96,225.36,Card,New,Rural
100293,2023-11-06,Fruits,Banana,12,57.83,0,693.96,97.78,UPI,Member,Urban
100294,2023-06-12,Fruits,Mango,13,91.76,15,1013.95,139.15,Cash,New,Urban
100295,2023-07-27,Dairy,Milk,11,462.63,5,4834.48,604.95,UPI,Regular,Rural
100296,2023-06-18,Household,Soap,17,412.52,5,6662.2,850.6,Cash,Member,Semi-Urban
100297,2023-06-10,Fruits,Banana,17,183.49,0,3119.33,778.69,Cash,New,Rural
100298,2023-03-09,Snacks,Nuts,4,331.35,0,1325.4,257.04,Cash,Member,Rural
100299,2023-10-16,Beverages,Tea,8,273.27,10,1967.54,504.85,UPI,Regular,Rural
100300,2023-10-04,Fruits,Banana,5,341.79,0,1708.95,425.96,Cash,New,Semi-Urban
100301,2023-10-31,Snacks,Nuts,16,344.51,5,5236.55,1156.87,UPI,Regular,Urban
100302,2023-05-15,Vegetables,Onion,4,318.08,15,1081.47,256.6,Cash,Regular,Urban
100303,2023-07-14,Snacks,Biscuits,15,140.39,0,2105.85,218.32,Cash,Member,Rural
100304,2023-05-08,Beverages,Coffee,12,29.11,5,331.85,53.88,UPI,Member,Rural
100305,2023-02-02,Snacks,Chips,5,233.23,0,1166.15,265.37,Card,Member,Urban
100306,2023-06-25,Dairy,Milk,16,446.58,5,6788.02,691.49,Card,New,Urban
100307,2023-01-22,Beverages,Coffee,14,289.05,0,4046.7,431.36,UPI,New,Urban
100308,2023-08-26,Household,Soap,10,417.87,10,3760.83,1016.84,UPI,Member,Semi-Urban
100309,2023-06-07,Vegetables,Carrot,7,495.9,0,3471.3,822.02,Card,New,Semi-Urban
100310,2023-02-07,Dairy,Butter,13,90.17,0,1172.21,179.43,Card,New,Rural
100311,2023-08-18,Household,Tissue,5,348.97,5,1657.61,393.84,Card,Member,Semi-Urban
100312,2023-12-31,Snacks,Chocolate,3,340.4,0,1021.2,263.97,UPI,Regular,Rural
100313,2023-02-20,Beverages,Soda,15,490.18,10,6617.43,1067.78,Cash,New,Urban
100314,2023-09-21,Vegetables,Carrot,4,492.94,0,1971.76,211.39,UPI,New,Urban
100315,2023-10-10,Dairy,Cheese,15,346.47,5,4937.2,1414.78,Card,Regular,Rural
100316,2023-01-27,Household,Soap,14,129.37,0,1811.18,306.15,Cash,Regular,Urban
100317,2023-08-14,Household,Cleaner,19,401.29,5,7243.28,878.58,UPI,Regular,Rural
100318,2023-10-04,Vegetables,Carrot,13,62.44,0,811.72,161.02,Card,Member,Rural
100319,2023-10-13,Snacks,Biscuits,10,392.54,0,3925.4,995.85,UPI,Regular,Rural
100320,2023-04-07,Vegetables,Onion,5,456.0,0,2280.0,329.07,Cash,Member,Semi-Urban
100321,2023-10-11,Household,Cleaner,6,,10,1066.99,164.21,Card,Regular,Rural
100322,2023-11-13,Fruits,Apple,4,319.01,0,1276.04,189.55,UPI,Regular,Rural
100323,2023-10-31,Dairy,Milk,2,220.77,15,375.31,111.97,Cash,Member,Rural
100324,2023-05-27,Vegetables,Onion,16,224.5,15,3053.2,425.86,Cash,Member,Semi-Urban
100325,2023-01-04,Household,Cleaner,18,162.08,0,2917.44,627.55,UPI,Regular,Urban
100326,2023-02-04,Snacks,Nuts,5,383.44,5,1821.34,519.18,Cash,Regular,Semi-Urban
100327,2023-07-11,Household,Cleaner,4,468.73,0,1874.92,242.58,Card,Regular,Rural
100328,2023-02-18,Snacks,Nuts,13,470.97,0,6122.61,1801.09,Cash,New,Semi-Urban
100329,2023-01-17,Vegetables,Onion,19,95.64,10,1635.44,473.45,UPI,Regular,Urban
100330,2023-06-21,Snacks,Chips,2,438.62,5,833.38,230.77,Card,Member,Urban
100331,2023-08-08,Beverages,Coffee,13,371.34,5,4586.05,655.4,Cash,New,Rural
100332,2023-06-07,Beverages,Soda,11,133.89,0,1472.79,334.04,Cash,Member,Urban
100333,2023-02-15,Beverages,Juice,4,42.97,0,171.88,43.34,Card,New,Semi-Urban
100334,2023-01-06,Fruits,Mango,15,141.32,0,2119.8,630.02,Card,New,Semi-Urban
100335,2023-04-09,Vegetables,Carrot,4,456.98,10,1645.13,223.88,Cash,Member,Urban
100336,2023-08-21,Household,Detergent,9,320.26,5,2738.22,693.33,Card,New,Rural
100337,2023-02-06,Household,Tissue,7,363.32,10,2288.92,383.99,UPI,Member,Rural
100338,2023-10-07,Fruits,Orange,19,136.0,0,2584.0,349.16,Cash,Regular,Semi-Urban
100339,2023-12-15,Snacks,Biscuits,19,362.5,0,6887.5,1269.2,UPI,New,Urban
100340,2023-10-29,Fruits,Apple,6,23.78,0,142.68,36.92,Cash,Member,Semi-Urban
100341,2023-06-30,Snacks,Chips,6,193.91,0,1163.46,224.51,UPI,New,Semi-Urban
100342,2023-04-05,Snacks,Chocolate,15,317.11,0,4756.65,987.03,UPI,Member,Semi-Urban
100343,2023-04-09,Dairy,Milk,15,81.59,10,1101.47,329.37,Card,Regular,Rural
100344,2023-07-07,Household,Tissue,9,413.27,15,3161.52,568.51,Cash,Regular,Urban
100345,2023-04-26,Beverages,Coffee,4,125.17,5,475.65,106.11,Card,New,Urban
100346,2023-07-10,Snacks,Chocolate,18,329.62,0,5933.16,1026.73,Card,New,Rural
100347,2023-09-10,Dairy,Milk,18,208.55,0,3753.9,670.29,Cash,Member,Semi-Urban
100348,2023-06-10,Household,Soap,5,302.06,15,1283.75,306.98,UPI,Member,Semi-Urban
100349,2023-09-13,Beverages,Tea,11,62.65,0,689.15,198.18,Cash,New,Rural
100350,2023-11-19,Snacks,Biscuits,5,18.29,15,77.73,16.21,Cash,Member,Urban
100351,2023-05-08,Snacks,Chips,4,455.69,0,1822.76,462.4,Cash,Member,Rural
100352,2023-01-18,Fruits,Banana,12,142.12,0,1705.44,200.97,Card,Member,Urban
100353,2023-10-08,Fruits,Apple,2,411.64,15,699.79,99.53,Cash,New,Urban
100354,2023-08-11,Household,Soap,13,499.68,0,6495.84,1301.94,Cash,Regular,Urban
100355,2023-02-23,Beverages,Juice,10,113.6,5,1079.2,112.24,Cash,Regular,Semi-Urban
100356,2023-02-27,Snacks,Chips,9,139.93,5,1196.4,180.14,UPI,Member,Semi-Urban
100357,2023-11-19,Household,Tissue,10,334.8,0,3348.0,681.25,UPI,New,Rural
100358,2023-12-26,Household,Detergent,7,483.07,0,3381.49,348.27,UPI,Member,Rural
100359,2023-06-23,Vegetables,Potato,4,458.75,5,1743.25,266.56,UPI,Regular,Semi-Urban
100360,2023-10-07,Fruits,Apple,19,,10,4384.61,889.23,Card,Member,Rural
100361,2023-04-24,Beverages,Juice,10,399.6,0,3996.0,857.66,Card,Regular,Semi-Urban
100362,2023-10-15,Snacks,Biscuits,3,76.52,15,195.13,55.64,Cash,New,Semi-Urban
100363,2023-12-08,Household,Tissue,19,488.94,0,9289.86,2128.02,Card,Member,Urban
100364,2023-05-31,Snacks,Chocolate,2,482.53,0,965.06,176.55,UPI,New,Urban
100365,2023-05-07,Vegetables,Onion,10,90.23,0,902.3,258.12,Cash,Member,Semi-Urban
100366,2023-06-04,Beverages,Soda,2,156.72,0,313.44,80.55,Cash,Member,Urban
100367,2023-09-30,Household,Soap,2,59.08,0,118.16,16.54,UPI,Member,Semi-Urban
100368,2023-04-14,Snacks,Chips,17,143.14,20,1946.7,245.61,UPI,Member,Urban
100369,2023-10-26,Fruits,Mango,16,409.82,0,6557.12,1541.99,UPI,Member,Rural
100370,2023-09-03,Vegetables,Onion,16,195.37,0,3125.92,662.62,Card,New,Rural
100371,2023-06-25,Beverages,Coffee,14,53.31,0,746.34,192.51,Cash,New,Semi-Urban
100372,2023-02-08,Vegetables,Onion,7,177.69,10,1119.45,277.36,UPI,Regular,Semi-Urban
100373,2023-06-19,Fruits,Banana,11,490.88,15,4589.73,1032.88,Cash,Member,Urban
100374,2023-09-04,Beverages,Tea,1,318.54,0,318.54,94.69,Cash,Regular,Urban
100375,2023-01-26,Vegetables,Carrot,11,213.92,0,2353.12,486.43,Card,New,Semi-Urban
100376,2023-12-21,Dairy,Yogurt,4,91.6,0,366.4,44.93,Cash,Regular,Rural
100377,2023-11-02,Fruits,Mango,7,493.23,0,3452.61,917.2,UPI,New,Rural
100378,2023-01-13,Fruits,Banana,15,412.22,0,6183.3,929.79,,Member,Semi-Urban
100379,2023-11-12,Fruits,Orange,18,147.92,0,2662.56,680.18,Cash,Regular,Rural
100380,2023-11-09,Dairy,Butter,12,44.33,0,531.96,155.02,Cash,Regular,Semi-Urban
100381,2023-02-05,Dairy,Yogurt,17,,5,609.66,145.93,Card,Regular,Urban
100382,2023-06-22,Snacks,Chocolate,1,68.99,0,68.99,15.12,UPI,Regular,Rural
100383,2023-01-20,Household,Soap,11,294.58,15,2754.32,529.04,UPI,Member,Rural
100384,2023-11-17,Vegetables,Tomato,1,465.09,15,395.33,68.34,Cash,New,Urban
100385,2023-09-21,Snacks,Chips,15,253.4,5,3610.95,616.03,Cash,New,Urban
100386,2023-05-22,Vegetables,Onion,10,423.04,0,4230.4,961.46,Cash,Member,Rural
100387,2023-05-23,Household,Detergent,7,228.48,0,1599.36,400.25,UPI,New,Rural
100388,2023-04-02,Dairy,Cheese,2,357.21,0,714.42,168.39,Cash,Regular,Semi-Urban
100389,2023-12-20,Household,Detergent,10,368.62,10,3317.58,463.41,Card,Member,Semi-Urban
100390,2023-11-18,Dairy,Cheese,4,95.24,0,380.96,75.73,Card,New,Rural
100391,2023-10-15,Household,Soap,12,187.0,15,1907.4,492.73,Cash,Member,Semi-Urban
100392,2023-08-03,Snacks,Chips,19,322.28,15,5204.82,1015.67,Card,Member,Urban
100393,2023-12-08,Beverages,Coffee,11,44.64,0,491.04,101.8,Card,New,Semi-Urban
100394,2023-02-20,Snacks,Chocolate,8,187.15,5,1422.34,361.6,Card,New,Semi-Urban
100395,2023-06-02,Vegetables,Onion,18,272.05,0,4896.9,1137.32,Card,Member,Rural
100396,2023-07-05,Snacks,Biscuits,11,498.15,0,5479.65,996.58,Card,Member,Semi-Urban
100397,2023-03-04,Fruits,Apple,11,242.52,0,2667.72,744.51,UPI,New,Rural
100398,2023-07-09,Vegetables,Potato,13,409.87,0,5328.31,706.07,Cash,Member,Rural
100399,2023-05-05,Household,Tissue,3,,15,565.36,169.1,Card,New,Rural
100400,2023-05-30,Vegetables,Onion,12,400.23,0,4802.76,594.44,Cash,Member,Urban
100401,2023-11-10,Beverages,Tea,3,301.75,0,905.25,93.23,Card,Member,Semi-Urban
100402,2023-02-27,Dairy,Cheese,10,444.43,5,4222.08,1173.76,UPI,Member,Semi-Urban
100403,2023-12-08,Household,Tissue,17,211.36,5,3413.46,508.57,UPI,New,Semi-Urban
100404,2023-11-01,Vegetables,Onion,2,306.11,0,612.22,150.57,,Regular,Rural
100405,2023-06-29,Household,Tissue,17,318.71,15,4605.36,1207.54,Card,New,Urban
100406,2023-06-19,Household,Tissue,16,214.52,5,3260.7,886.25,Card,Member,Rural
100407,2023-11-22,Household,Detergent,2,80.71,0,161.42,48.15,UPI,Regular,Semi-Urban
100408,2023-09-28,Dairy,Milk,6,55.84,0,335.04,53.21,UPI,Regular,Rural
100409,2023-02-23,Snacks,Biscuits,10,18.17,0,181.7,43.98,Cash,Member,Rural
100410,2023-04-11,Household,Soap,10,438.03,10,3942.27,485.21,UPI,New,Semi-Urban
100411,2023-09-21,Fruits,Mango,8,125.87,5,956.61,173.49,Card,Regular,Rural
100412,2023-02-22,Beverages,Juice,1,113.64,10,102.28,27.57,,Regular,Rural
100413,2023-03-01,Dairy,Yogurt,13,370.66,0,4818.58,836.18,UPI,New,Urban
100414,2023-04-18,Vegetables,Onion,9,-100.0,0,1501.29,327.61,UPI,New,Rural
100415,2023-01-05,Dairy,Butter,10,257.96,0,2579.6,517.87,Card,Regular,Urban
100416,2023-04-13,Vegetables,Onion,15,89.63,0,1344.45,308.13,Cash,New,Semi-Urban
100417,2023-07-15,Dairy,Cheese,5,480.28,5,2281.33,672.03,UPI,Regular,Urban
100418,2023-09-19,Vegetables,Potato,16,427.27,10,6152.69,683.85,UPI,Member,Rural
100419,2023-12-31,Household,Tissue,13,433.26,0,5632.38,1209.79,Card,New,Semi-Urban
100420,2023-12-16,Snacks,Chocolate,18,209.32,0,3767.76,1027.11,Cash,Regular,Rural
100421,2023-02-16,Vegetables,Potato,11,383.56,0,4219.16,828.12,Cash,New,Rural
100422,2023-12-21,Vegetables,Onion,9,80.5,0,724.5,83.83,Cash,New,Urban
100423,2023-11-07,Fruits,Banana,16,14.22,0,227.52,48.26,Cash,Regular,Rural
100424,2023-11-04,Vegetables,Tomato,2,19.79,0,39.58,6.59,Card,Member,Urban
100425,2023-05-24,Fruits,Apple,2,297.43,0,594.86,77.92,UPI,Regular,Semi-Urban
100426,2023-09-26,Beverages,Tea,12,233.14,0,2797.68,754.83,UPI,New,Semi-Urban
100427,2023-05-04,Household,Tissue,8,263.83,0,2110.64,431.25,Cash,Regular,Rural
100428,2023-04-16,Fruits,Banana,9,13.66,0,122.94,35.24,Cash,New,Urban
100429,2023-06-07,Snacks,Biscuits,12,217.12,5,2475.17,646.52,Cash,Regular,Rural
100430,2023-05-27,Household,Soap,9,361.85,0,3256.65,777.02,UPI,Member,Rural
100431,2023-05-25,Fruits,Apple,10,226.92,20,1815.36,183.36,UPI,Member,Rural
100432,2023-04-30,Household,Tissue,2,368.79,0,737.58,136.87,Cash,Member,Rural
100433,2023-11-15,Household,Tissue,16,124.18,0,1986.88,277.16,,Member,Urban
100434,2023-10-02,Household,Tissue,7,408.44,0,2859.08,806.72,UPI,Regular,Rural
100435,2023-04-02,Beverages,Tea,2,298.33,0,596.66,80.5,UPI,Member,Semi-Urban
100436,2023-02-27,Snacks,Chips,1,113.27,10,101.94,16.03,Cash,Regular,Urban
100437,2023-12-12,Dairy,Butter,19,125.99,0,2393.81,486.82,Card,New,Rural
100438,2023-08-17,Dairy,Milk,4,317.73,15,1080.28,164.93,Cash,New,Urban
100439,2023-04-27,Fruits,Apple,2,,15,708.34,100.56,Cash,New,Rural
100440,2023-11-14,Household,Detergent,14,213.66,5,2841.68,624.66,Card,Member,Semi-Urban
100441,2023-10-06,Fruits,Apple,2,136.57,5,259.48,30.56,Card,Member,Semi-Urban
100442,2023-05-07,Beverages,Juice,15,434.84,5,6196.47,691.73,,Member,Semi-Urban
100443,2023-05-09,Beverages,Tea,12,337.94,0,4055.28,707.44,UPI,New,Urban
100444,2023-02-27,Vegetables,Tomato,5,229.56,5,1090.41,266.2,Cash,New,Semi-Urban
100445,2023-05-02,Beverages,Tea,7,249.07,0,1743.49,367.81,UPI,New,Rural
100446,2023-01-01,Vegetables,Carrot,10,110.09,0,1100.9,203.2,Card,New,Rural
100447,2023-08-27,Snacks,Chips,14,317.13,0,4439.82,946.35,UPI,Regular,Rural
100448,2023-10-17,Fruits,Apple,14,185.78,5,2470.87,427.68,Card,Regular,Urban
100449,2023-04-06,Snacks,Chocolate,5,497.87,15,2115.95,607.76,Card,Member,Urban
100450,2023-05-06,Beverages,Coffee,18,245.29,0,4415.22,490.01,Cash,Member,Semi-Urban
100451,2023-04-28,Snacks,Biscuits,14,248.08,10,3125.81,733.56,Cash,New,Urban
100452,2023-02-17,Snacks,Nuts,2,287.27,0,574.54,159.87,Cash,Regular,Rural
100453,2023-03-30,Snacks,Chocolate,12,459.21,0,5510.52,1437.02,UPI,Regular,Rural
100454,2023-08-25,Beverages,Coffee,6,402.4,0,2414.4,330.31,Cash,Member,Rural
100455,2023-09-29,Household,Cleaner,4,231.05,0,924.2,147.12,Card,Regular,Urban
100456,2023-07-08,Snacks,Chocolate,13,362.16,0,4708.08,1145.99,Cash,Member,Rural
100457,2023-07-11,Vegetables,Potato,4,297.26,5,1129.59,132.0,UPI,New,Semi-Urban
100458,2023-03-10,Beverages,Juice,14,251.26,10,3165.88,830.64,Cash,New,Urban
100459,2023-10-05,Snacks,Chocolate,16,104.23,0,1667.68,406.55,Cash,Member,Rural
100460,2023-12-15,Household,Cleaner,4,237.33,0,949.32,233.46,Cash,New,Rural
100461,2023-09-04,Beverages,Soda,1,130.45,10,117.4,14.09,UPI,New,Urban
100462,2023-03-17,Dairy,Butter,13,458.27,10,5361.76,1305.87,Card,Regular,Urban
100463,2023-06-03,Household,Soap,4,174.35,0,697.4,164.56,Card,Regular,Semi-Urban
100464,2023-05-24,Vegetables,Potato,18,476.61,0,8578.98,2283.59,Card,Regular,Urban
100465,2023-03-27,Snacks,Chips,6,271.2,15,1383.12,149.82,Cash,Regular,Rural
100466,2023-07-04,Dairy,Milk,3,319.46,5,910.46,95.25,Cash,Regular,Semi-Urban
100467,2023-10-12,Dairy,Cheese,13,276.04,0,3588.52,626.56,UPI,Member,Rural
100468,2023-08-08,Beverages,Tea,16,73.4,0,1174.4,152.39,Card,Member,Rural
100469,2023-03-10,Dairy,Milk,5,194.15,10,873.68,184.94,Cash,Regular,Rural
100470,2023-02-16,Vegetables,Tomato,4,58.58,0,234.32,66.42,Cash,New,Urban
100471,2023-04-04,Vegetables,Tomato,8,315.25,20,2017.6,359.73,Cash,New,Urban
100472,2023-08-26,Fruits,Apple,19,228.97,0,4350.43,1170.22,UPI,Member,Rural
100473,2023-07-23,Vegetables,Potato,14,391.21,10,4929.25,493.16,Card,Member,Urban
100474,2023-08-06,Household,Detergent,7,118.03,0,826.21,110.47,UPI,Member,Rural
100475,2023-12-07,Dairy,Yogurt,14,90.64,0,1268.96,134.62,Card,New,Urban
100476,2023-02-08,Vegetables,Carrot,6,209.1,15,1066.41,176.63,Card,Member,Urban
100477,2023-04-10,Beverages,Juice,12,464.03,0,5568.36,1568.26,,New,Urban
100478,2023-10-16,Fruits,Orange,16,358.11,5,5443.27,649.87,Cash,Member,Semi-Urban
100479,2023-09-11,Dairy,Milk,17,215.27,0,3659.59,809.8,Cash,New,Urban
100480,2023-08-10,Fruits,Orange,13,263.46,0,3424.98,651.77,Cash,Member,Semi-Urban
100481,2023-12-23,Dairy,Milk,14,51.26,0,717.64,206.46,Cash,Member,Semi-Urban
100482,2023-01-23,Beverages,Coffee,7,-100.0,5,3274.73,407.72,Card,New,Semi-Urban
100483,2023-09-07,Fruits,Mango,14,336.54,0,4711.56,670.95,Cash,Member,Rural
100484,2023-01-10,Snacks,Chocolate,15,149.85,0,2247.75,238.06,Cash,Regular,Urban
100485,2023-09-03,Household,Soap,12,297.05,0,3564.6,665.82,UPI,New,Rural
100486,2023-11-21,Household,Cleaner,17,63.65,5,1027.95,159.91,UPI,Member,Semi-Urban
100487,2023-04-10,Dairy,Yogurt,9,483.26,10,3914.41,1072.47,Card,New,Urban
100488,2023-10-17,Snacks,Chips,15,95.64,0,1434.6,317.03,Card,Member,Rural
100489,2023-06-29,Fruits,Apple,12,327.53,0,3930.36,875.76,UPI,Regular,Semi-Urban
100490,2023-08-11,Snacks,Chocolate,2,130.27,15,221.46,45.71,UPI,Member,Rural
100491,2023-09-07,Snacks,Biscuits,5,361.61,0,1808.05,214.02,Cash,Member,Rural
100492,2023-05-27,Fruits,Orange,13,390.64,15,4316.57,815.85,Cash,Regular,Urban
100493,2023-04-06,Beverages,Coffee,8,339.98,15,2311.86,693.33,Card,New,Urban
100494,2023-09-14,Snacks,Nuts,14,311.1,10,3919.86,1046.78,UPI,Member,Rural
100495,2023-11-21,Snacks,Nuts,15,447.31,0,6709.65,1869.92,Card,Member,Urban
100496,2023-01-04,Beverages,Coffee,11,48.53,10,480.45,127.15,Cash,Regular,Urban
100497,2023-01-16,Snacks,Nuts,1,172.15,10,154.94,18.69,Card,New,Rural
100498,2023-10-07,Snacks,Biscuits,3,131.66,5,375.23,54.59,Card,New,Urban
100499,2023-12-02,Snacks,Chips,17,,0,8400.21,845.27,Card,Regular,Urban
100500,2023-09-04,Household,Cleaner,19,200.8,0,3815.2,613.11,,Regular,Semi-Urban
100501,2023-09-15,Vegetables,Onion,14,368.98,0,5165.72,628.78,Card,Member,Urban
100502,2023-06-09,Beverages,Coffee,8,345.52,5,2625.95,510.9,Cash,Regular,Semi-Urban
100503,2023-12-06,Snacks,Chocolate,13,113.92,5,1406.91,331.22,UPI,Regular,Rural
100504,2023-06-01,Household,Tissue,3,127.11,0,381.33,104.83,Card,Regular,Semi-Urban
100505,2023-06-27,Beverages,Soda,5,147.83,0,739.15,184.67,Card,New,Rural
100506,2023-06-12,Dairy,Cheese,9,211.45,0,1903.05,547.54,,Regular,Urban
100507,2023-02-02,Dairy,Milk,6,124.82,5,711.47,78.82,Card,Member,Urban
100508,2023-06-28,Snacks,Biscuits,2,19.63,15,33.37,3.42,Cash,Member,Semi-Urban
100509,2023-04-11,Household,Detergent,13,,0,5731.7,1331.29,Card,Member,Rural
100510,2023-09-25,Household,Soap,5,483.15,0,2415.75,381.38,UPI,Regular,Urban
100511,2023-11-19,Beverages,Tea,8,177.37,0,1418.96,213.84,UPI,New,Semi-Urban
100512,2023-03-06,Beverages,Coffee,1,175.87,5,167.08,27.76,UPI,Regular,Semi-Urban
100513,2023-06-17,Household,Tissue,12,13.47,10,145.48,22.4,Card,Regular,Semi-Urban
100514,2023-11-26,Beverages,Tea,11,343.32,15,3210.04,649.35,Card,Member,Urban
100515,2023-02-12,Household,Soap,7,414.47,0,2901.29,545.53,UPI,Regular,Rural
100516,2023-02-13,Vegetables,Onion,15,81.84,20,982.08,198.86,UPI,New,Urban
100517,2023-10-12,Household,Detergent,11,88.24,0,970.64,227.66,Cash,Member,Urban
100518,2023-01-12,Dairy,Milk,16,397.14,5,6036.53,1071.04,Cash,New,Rural
100519,2023-04-05,Beverages,Juice,3,311.98,0,935.94,140.64,UPI,New,Semi-Urban
100520,2023-10-29,Household,Soap,14,31.98,15,380.56,50.71,UPI,New,Urban
100521,2023-09-10,Household,Tissue,3,315.05,5,897.89,152.55,Card,Regular,Semi-Urban
100522,2023-08-30,Beverages,Tea,1,161.37,5,153.3,38.07,UPI,Regular,Semi-Urban
100523,2023-02-04,Vegetables,Tomato,15,190.68,10,2574.18,647.0,Cash,Regular,Rural
100524,2023-08-03,Vegetables,Tomato,1,387.17,0,387.17,90.36,Cash,Regular,Rural
100525,2023-12-03,Beverages,Juice,17,407.36,0,6925.12,1016.65,Cash,Member,Rural
100526,2023-03-31,Fruits,Orange,2,206.17,15,350.49,76.27,Cash,Regular,Semi-Urban
100527,2023-09-21,Beverages,Coffee,6,474.1,0,2844.6,609.14,Cash,Member,Semi-Urban
100528,2023-04-03,Beverages,Soda,8,209.17,0,1673.36,329.41,Cash,New,Urban
100529,2023-03-31,Vegetables,Carrot,16,388.2,0,6211.2,1304.33,UPI,Member,Semi-Urban
100530,2023-04-25,Vegetables,Tomato,19,247.1,5,4460.16,884.71,Cash,Regular,Rural
100531,2023-04-15,Beverages,Coffee,1,449.79,0,449.79,95.85,Cash,Member,Rural
100532,2023-07-15,Beverages,Coffee,3,454.8,0,1364.4,331.69,Cash,Regular,Rural
100533,2023-11-10,Beverages,Soda,3,52.83,0,158.49,19.32,Cash,Regular,Rural
100534,2023-04-24,Vegetables,Onion,5,468.88,0,2344.4,585.92,UPI,Member,Semi-Urban
100535,2023-03-16,Beverages,Tea,12,414.51,15,4228.0,537.71,Card,Member,Rural
100536,2023-08-05,Beverages,Coffee,12,397.74,20,3818.3,432.71,Card,New,Urban
100537,2023-10-04,Snacks,Nuts,13,108.45,5,1339.36,395.4,Card,New,Semi-Urban
100538,2023-09-06,Fruits,Orange,9,404.51,0,3640.59,1060.86,Card,New,Rural
100539,2023-06-13,Dairy,Butter,7,426.57,15,2538.09,284.49,Cash,New,Urban
100540,2023-12-23,Fruits,Banana,4,151.68,5,576.38,108.74,Card,New,Rural
100541,2023-07-11,Snacks,Chips,19,,0,9055.59,1242.87,Card,Member,Semi-Urban
100542,2023-08-15,Dairy,Yogurt,19,34.43,15,556.04,109.58,UPI,New,Semi-Urban
100543,2023-06-26,Beverages,Tea,6,83.46,10,450.68,119.9,UPI,Member,Urban
100544,2023-04-09,Snacks,Nuts,13,273.41,10,3198.9,928.07,UPI,New,Semi-Urban
100545,2023-02-05,Beverages,Coffee,11,292.14,10,2892.19,656.09,Cash,Regular,Urban
100546,2023-04-06,Vegetables,Onion,13,326.12,0,4239.56,724.04,Cash,New,Rural
100547,2023-06-01,Household,Detergent,13,18.31,0,238.03,52.52,Cash,Regular,Semi-Urban
100548,2023-05-31,Snacks,Nuts,15,480.58,5,6848.26,1112.16,UPI,Member,Rural
100549,2023-07-09,Vegetables,Potato,13,31.85,0,414.05,116.75,Card,New,Rural
100550,2023-08-12,Snacks,Chocolate,11,80.1,0,881.1,241.49,UPI,Member,Semi-Urban
100551,2023-02-06,Snacks,Chips,19,16.87,10,288.48,61.06,Cash,New,Rural
100552,2023-09-25,Vegetables,Tomato,8,287.76,10,2071.87,341.78,UPI,Member,Urban
100553,2023-07-02,Dairy,Yogurt,8,466.81,0,3734.48,592.58,Card,New,Urban
100554,2023-01-13,Fruits,Orange,10,336.31,10,3026.79,322.91,Cash,New,Urban
100555,2023-10-06,Beverages,Soda,16,413.1,10,5948.64,1565.47,,Regular,Semi-Urban
100556,2023-08-05,Snacks,Nuts,19,16.51,5,298.01,56.64,Card,Member,Rural
100557,2023-12-21,Beverages,Tea,11,275.59,0,3031.49,500.28,Cash,Member,Rural
100558,2023-12-27,Household,Cleaner,13,235.19,0,3057.47,593.83,Card,Member,Rural
100559,2023-10-13,Vegetables,Potato,9,254.49,0,2290.41,604.09,UPI,Member,Rural
100560,2023-09-30,Beverages,Coffee,-5,45.38,0,862.22,107.71,Card,Member,Urban
100561,2023-03-03,Vegetables,Onion,-5,345.37,0,5525.92,1500.46,Card,Regular,Semi-Urban
100562,2023-03-25,Beverages,Tea,7,256.58,0,1796.06,502.0,,New,Urban
100563,2023-08-05,Fruits,Orange,19,384.92,0,7313.48,2116.09,UPI,Regular,Urban
100564,2023-12-08,Fruits,Banana,12,247.79,15,2527.46,453.67,Card,Member,Semi-Urban
100565,2023-07-06,Fruits,Mango,15,83.2,0,1248.0,179.0,Card,Member,Semi-Urban
100566,2023-01-19,Fruits,Mango,14,327.65,10,4128.39,721.35,UPI,New,Urban
100567,2023-06-26,Fruits,Mango,11,94.47,5,987.21,164.45,Cash,Regular,Rural
100568,2023-04-10,Fruits,Mango,10,437.47,0,4374.7,591.59,Cash,New,Semi-Urban
100569,2023-08-21,Vegetables,Tomato,11,310.43,15,2902.52,642.77,Cash,New,Semi-Urban
100570,2023-03-17,Snacks,Chips,6,87.03,5,496.07,96.89,Card,Regular,Urban
100571,2023-09-22,Beverages,Coffee,2,481.55,0,963.1,263.06,Cash,New,Rural
100572,2023-10-11,Fruits,Banana,11,264.0,10,2613.6,278.14,UPI,Regular,Semi-Urban
100573,2023-07-25,Vegetables,Tomato,19,45.72,0,868.68,198.73,Card,Regular,Urban
100574,2023-08-11,Vegetables,Onion,6,317.15,5,1807.76,456.62,Card,Member,Semi-Urban
100575,2023-02-21,Vegetables,Tomato,14,134.07,0,1876.98,472.81,Card,New,Rural
100576,2023-12-05,Snacks,Chocolate,6,403.81,10,2180.57,604.49,Cash,Member,Urban
100577,2023-05-24,Beverages,Coffee,17,410.73,0,6982.41,1716.32,Cash,New,Urban
100578,2023-03-10,Snacks,Chips,10,489.68,5,4651.96,1328.42,Cash,New,Rural
100579,2023-04-09,Dairy,Cheese,1,255.92,0,255.92,42.62,Card,Member,Urban
100580,2023-01-25,Vegetables,Tomato,3,232.93,5,663.85,133.2,UPI,Member,Rural
100581,2023-02-22,Dairy,Milk,8,379.2,10,2730.24,280.71,Card,Member,Urban
100582,2023-05-31,Household,Soap,8,74.91,0,599.28,60.76,UPI,Regular,Rural
100583,2023-05-24,Fruits,Mango,15,277.99,5,3961.36,586.38,Card,New,Semi-Urban
100584,2023-02-26,Fruits,Banana,7,277.66,0,1943.62,233.55,UPI,Regular,Semi-Urban
100585,2023-02-08,Snacks,Chips,11,53.84,15,503.4,76.54,Card,New,Semi-Urban
100586,2023-04-19,Beverages,Soda,7,214.81,0,1503.67,203.61,Card,New,Urban
100587,2023-06-30,Dairy,Yogurt,4,428.11,10,1541.2,162.91,UPI,Regular,Rural
100588,2023-02-11,Beverages,Tea,12,,10,4638.82,1307.5,UPI,Regular,Rural
100589,2023-07-05,Snacks,Chips,6,58.63,0,351.78,35.76,UPI,New,Semi-Urban
100590,2023-08-11,Fruits,Banana,14,54.45,0,762.3,188.45,UPI,Member,Semi-Urban
100591,2023-05-02,Beverages,Soda,12,138.72,0,1664.64,217.12,UPI,Member,Semi-Urban
100592,2023-05-13,Beverages,Coffee,11,438.64,10,4342.54,1226.53,UPI,Member,Rural
100593,2023-06-12,Fruits,Apple,19,73.16,0,1390.04,387.21,UPI,Member,Semi-Urban
100594,2023-08-03,Dairy,Butter,5,362.8,5,1723.3,397.7,UPI,New,Urban
100595,2023-08-09,Fruits,Banana,14,59.57,10,750.58,175.97,Card,Member,Semi-Urban
100596,2023-08-23,Beverages,Juice,16,315.34,0,5045.44,509.93,UPI,Member,Semi-Urban
100597,2023-11-27,Dairy,Butter,13,184.47,5,2278.2,676.57,UPI,Member,Rural
100598,2023-05-26,Dairy,Cheese,4,396.57,0,1586.28,437.13,Card,New,Urban
100599,2023-08-27,Fruits,Banana,11,124.51,0,1369.61,382.15,Card,Regular,Rural
100600,2023-03-17,Beverages,Tea,17,323.21,10,4945.11,1146.52,Cash,Member,Urban
100601,2023-01-09,Snacks,Chocolate,7,125.48,0,878.36,148.41,Cash,New,Urban
100602,2023-03-15,Beverages,Coffee,14,359.69,0,5035.66,1403.59,UPI,New,Semi-Urban
100603,2023-09-10,Vegetables,Tomato,11,438.1,15,4096.24,648.45,UPI,Member,Semi-Urban
100604,2023-08-18,Household,Soap,9,72.13,0,649.17,137.98,Cash,Regular,Rural
100605,2023-01-07,Snacks,Nuts,13,434.63,20,4520.15,542.18,Cash,Regular,Rural
100606,2023-06-23,Dairy,Cheese,18,300.85,20,4332.24,1232.05,UPI,Regular,Rural
100607,2023-05-21,Snacks,Chocolate,11,72.28,0,795.08,101.89,Cash,New,Urban
100608,2023-06-17,Dairy,Butter,15,219.5,0,3292.5,477.34,UPI,Member,Rural
100609,2023-06-19,Dairy,Butter,19,,10,1518.82,321.42,Card,Member,Urban
100610,2023-10-10,Snacks,Biscuits,1,353.17,0,353.17,89.29,Card,New,Urban
100611,2023-05-02,Dairy,Butter,4,381.85,0,1527.4,341.94,Cash,Member,Urban
100612,2023-07-13,Dairy,Butter,14,61.84,10,779.18,114.09,Card,Member,Urban
100613,2023-01-05,Vegetables,Carrot,14,258.01,0,3612.14,361.9,Card,Regular,Urban
100614,2023-01-29,Beverages,Soda,3,409.17,15,1043.38,262.34,Card,Member,Semi-Urban
100615,2023-06-14,Beverages,Juice,17,468.72,0,7968.24,2366.9,Card,Member,Urban
100616,2023-12-05,Household,Tissue,3,261.62,0,784.86,205.62,UPI,New,Urban
100617,2023-05-16,Household,Tissue,16,475.64,0,7610.24,1461.48,UPI,New,Semi-Urban
100618,2023-12-31,Vegetables,Tomato,14,272.49,20,3051.89,856.83,Cash,Regular,Semi-Urban
100619,2023-11-17,Household,Tissue,13,203.15,5,2508.9,456.54,Card,New,Semi-Urban
100620,2023-12-08,Snacks,Biscuits,15,425.62,10,5745.87,1177.83,Card,Regular,Rural
100621,2023-05-25,Fruits,Orange,14,251.56,0,3521.84,688.26,,Regular,Rural
100622,2023-11-23,Fruits,Banana,19,241.23,0,4583.37,868.66,Cash,Member,Urban
100623,2023-08-05,Fruits,Apple,6,250.25,0,1501.5,382.94,UPI,Regular,Urban
100624,2023-10-28,Vegetables,Tomato,10,424.92,0,4249.2,872.59,Card,Member,Urban
100625,2023-05-12,Vegetables,Carrot,15,417.65,5,5951.51,972.14,UPI,Regular,Urban
100626,2023-10-19,Dairy,Cheese,6,207.72,5,1184.0,179.53,,New,Semi-Urban
100627,2023-03-11,Fruits,Banana,10,173.32,0,1733.2,186.4,UPI,New,Rural
100628,2023-09-09,Snacks,Chips,7,251.04,15,1493.69,323.59,Card,New,Semi-Urban
100629,2023-10-02,Household,Detergent,17,290.66,0,4941.22,721.38,UPI,Regular,Rural
100630,2023-12-30,Snacks,Chips,18,126.79,20,1825.78,236.67,UPI,Regular,Semi-Urban
100631,2023-07-01,Household,Detergent,17,399.04,0,6783.68,1565.44,Cash,Member,Urban
100632,2023-06-16,Fruits,Banana,9,248.38,0,2235.42,528.1,Cash,Member,Rural
100633,2023-04-01,Fruits,Banana,10,173.68,0,1736.8,434.95,Cash,Member,Urban
100634,2023-07-21,Fruits,Apple,10,62.34,0,623.4,125.13,Cash,Member,Rural
100635,2023-12-12,Vegetables,Carrot,7,127.03,5,844.75,235.53,UPI,Regular,Rural
100636,2023-01-19,Household,Detergent,16,475.15,0,7602.4,2183.93,UPI,Regular,Urban
100637,2023-02-08,Vegetables,Tomato,18,159.5,0,2871.0,750.69,Cash,Member,Urban
100638,2023-05-06,Vegetables,Tomato,6,92.74,10,500.8,113.74,Cash,Regular,Urban
100639,2023-06-22,Beverages,Soda,1,235.73,5,223.94,36.0,Card,Regular,Semi-Urban
100640,2023-05-21,Snacks,Biscuits,1,160.47,10,144.42,42.83,Card,Regular,Rural
100641,2023-08-30,Snacks,Nuts,12,27.23,0,326.76,50.59,Cash,Regular,Rural
100642,2023-08-08,Dairy,Milk,2,168.34,5,319.85,44.95,UPI,Member,Rural
100643,2023-05-06,Vegetables,Tomato,4,276.61,5,1051.12,198.06,Cash,Member,Urban
100644,2023-02-27,Household,Cleaner,17,280.34,0,4765.78,530.76,UPI,Regular,Rural
100645,2023-05-28,Beverages,Juice,4,184.71,0,738.84,218.47,UPI,New,Rural
100646,2023-11-13,Beverages,Coffee,11,229.18,0,2520.98,548.78,Card,Member,Urban
100647,2023-12-27,Snacks,Chocolate,4,483.1,0,1932.4,408.49,Cash,Member,Urban
100648,2023-01-01,Vegetables,Onion,1,194.9,0,194.9,45.05,Cash,New,Rural
100649,2023-12-14,Dairy,Butter,7,136.53,0,955.71,190.57,UPI,Member,Semi-Urban
100650,2023-07-09,Vegetables,Potato,18,129.3,5,2211.03,235.28,Cash,New,Urban
100651,2023-07-10,Fruits,Banana,9,234.3,5,2003.26,445.65,Card,New,Semi-Urban
100652,2023-11-08,Vegetables,Tomato,3,382.16,20,917.18,223.09,Card,Regular,Semi-Urban
100653,2023-04-27,Fruits,Orange,8,110.93,10,798.7,146.44,Cash,Member,Semi-Urban
100654,2023-05-14,Fruits,Mango,19,357.56,0,6793.64,1708.32,Cash,New,Semi-Urban
100655,2023-02-27,Dairy,Cheese,4,20.36,15,69.22,10.07,Card,Regular,Urban
100656,2023-02-13,Household,Tissue,18,215.28,15,3293.78,475.15,Cash,Member,Rural
100657,2023-06-22,Snacks,Nuts,11,390.17,0,4291.87,567.74,UPI,Regular,Rural
100658,2023-06-09,Vegetables,Potato,14,175.98,5,2340.53,408.19,Cash,Regular,Urban
100659,2023-06-22,Fruits,Banana,18,286.23,20,4121.71,1110.4,UPI,New,Urban
100660,2023-11-13,Vegetables,Potato,16,110.44,5,1678.69,445.83,Cash,Member,Semi-Urban
100661,2023-10-30,Household,Detergent,3,373.58,15,952.63,168.2,Cash,Regular,Semi-Urban
100662,2023-05-29,Snacks,Chocolate,15,35.62,0,534.3,116.38,Card,New,Urban
100663,2023-03-21,Household,Cleaner,4,427.75,0,1711.0,417.76,UPI,New,Rural
100664,2023-08-01,Snacks,Chocolate,5,107.12,0,535.6,79.4,Card,Regular,Semi-Urban
100665,2023-07-22,Beverages,Tea,-5,438.46,5,7081.13,946.24,Cash,Regular,Urban
100666,2023-09-09,Snacks,Chips,7,182.74,10,1151.26,338.95,Card,New,Urban
100667,2023-08-17,Dairy,Butter,16,364.11,20,4660.61,1041.7,Cash,Regular,Urban
100668,2023-06-13,Household,Detergent,14,166.42,0,2329.88,690.3,Cash,Regular,Semi-Urban
100669,2023-08-15,Fruits,Mango,16,453.9,0,7262.4,1216.82,Cash,Member,Urban
100670,2023-05-27,Beverages,Tea,7,72.05,10,453.92,109.21,UPI,New,Rural
100671,2023-01-20,Dairy,Milk,9,97.47,5,833.37,120.44,UPI,Regular,Urban
100672,2023-02-16,Vegetables,Potato,4,251.58,0,1006.32,153.2,UPI,New,Semi-Urban
100673,2023-08-21,Household,Tissue,11,50.15,0,551.65,111.64,Card,Member,Rural
100674,2023-11-01,Fruits,Mango,2,106.03,10,190.85,31.29,Cash,New,Rural
100675,2023-01-14,Snacks,Chocolate,12,472.45,10,5102.46,681.3,Card,New,Urban
100676,2023-05-23,Fruits,Mango,12,488.48,0,5861.76,894.36,Card,New,Urban
100677,2023-01-01,Vegetables,Onion,4,194.37,0,777.48,83.31,Cash,Member,Rural
100678,2023-02-23,Beverages,Tea,18,462.41,20,6658.7,1603.98,Card,Member,Urban
100679,2023-09-16,Beverages,Soda,7,276.96,5,1841.78,365.45,Cash,New,Semi-Urban
100680,2023-05-24,Household,Detergent,1,142.17,0,142.17,16.9,Cash,New,Rural
100681,2023-01-12,Beverages,Juice,13,354.18,0,4604.34,618.54,Cash,Member,Urban
100682,2023-11-26,Household,Detergent,6,332.86,10,1797.44,216.6,Cash,Regular,Rural
100683,2023-08-12,Household,Detergent,6,494.67,0,2968.02,660.44,Card,Member,Urban
100684,2023-09-29,Household,Cleaner,12,139.87,0,1678.44,199.47,Card,New,Urban
100685,2023-12-24,Snacks,Biscuits,-5,339.31,5,2578.76,646.9,Card,Regular,Semi-Urban
100686,2023-06-05,Dairy,Butter,19,35.49,0,674.31,70.2,UPI,Regular,Urban
100687,2023-01-08,Household,Cleaner,5,65.69,5,312.03,46.77,Card,Regular,Urban
100688,2023-05-02,Household,Detergent,18,11.92,0,214.56,59.68,Card,Member,Urban
100689,2023-12-14,Dairy,Milk,5,499.74,5,2373.76,578.5,UPI,Member,Semi-Urban
100690,2023-06-13,Fruits,Apple,10,403.11,0,4031.1,461.94,Cash,Member,Urban
100691,2023-03-31,Household,Tissue,1,395.49,0,395.49,104.5,Cash,Member,Urban
100692,2023-05-16,Snacks,Nuts,10,259.77,0,2597.7,515.92,Cash,New,Urban
100693,2023-07-05,Beverages,Soda,5,157.03,15,667.38,179.76,UPI,Regular,Rural
100694,2023-11-12,Beverages,Juice,12,84.12,15,858.02,188.89,Card,New,Semi-Urban
100695,2023-06-27,Vegetables,Onion,7,149.49,0,1046.43,247.34,Card,Member,Rural
100696,2023-01-28,Vegetables,Carrot,9,194.23,10,1573.26,469.93,Card,Member,Semi-Urban
100697,2023-08-08,Beverages,Tea,12,380.59,5,4338.73,635.48,Card,New,Semi-Urban
100698,2023-12-23,Beverages,Coffee,1,274.43,20,219.54,49.35,UPI,Regular,Rural
100699,2023-02-10,Snacks,Biscuits,11,47.97,0,527.67,101.35,Card,Regular,Semi-Urban
100700,2023-08-16,Dairy,Milk,15,18.83,5,268.33,28.95,Cash,Member,Semi-Urban
100701,2023-07-11,Vegetables,Carrot,2,60.14,0,120.28,12.38,UPI,Member,Rural
100702,2023-05-25,Dairy,Milk,7,211.14,0,1477.98,183.04,UPI,Member,Urban
100703,2023-07-20,Snacks,Chocolate,12,467.26,20,4485.7,1030.9,Cash,Member,Semi-Urban
100704,2023-07-31,Beverages,Soda,18,322.33,5,5511.84,1176.41,Cash,Regular,Rural
100705,2023-08-08,Household,Soap,3,402.89,0,1208.67,254.65,Card,New,Semi-Urban
100706,2023-08-28,Dairy,Cheese,7,238.52,0,1669.64,177.6,Cash,Regular,Rural
100707,2023-02-15,Beverages,Juice,11,187.22,10,1853.48,359.32,UPI,New,Urban
100708,2023-02-04,Beverages,Tea,18,63.12,5,1079.35,307.53,UPI,Member,Semi-Urban
100709,2023-09-10,Fruits,Orange,12,439.21,0,5270.52,946.16,UPI,Member,Urban
100710,2023-03-23,Dairy,Cheese,6,393.75,20,1890.0,425.22,Card,New,Urban
100711,2023-09-13,Household,Cleaner,5,92.38,0,461.9,118.23,Card,Member,Rural
100712,2023-07-16,Dairy,Yogurt,1,261.01,0,261.01,67.02,Cash,Regular,Semi-Urban
100713,2023-10-30,Beverages,Juice,12,248.81,15,2537.86,517.36,Card,Member,Semi-Urban
100714,2023-01-10,Household,Cleaner,11,316.29,0,3479.19,944.91,Card,Member,Semi-Urban
100715,2023-11-08,Snacks,Nuts,4,473.63,0,1894.52,337.75,UPI,Member,Semi-Urban
100716,2023-10-13,Fruits,Banana,18,294.09,5,5028.94,1396.73,UPI,Member,Semi-Urban
100717,2023-08-30,Beverages,Coffee,4,274.71,10,988.96,146.41,Cash,Regular,Rural
100718,2023-09-08,Vegetables,Potato,17,34.66,0,589.22,91.94,UPI,New,Semi-Urban
100719,2023-12-31,Vegetables,Potato,2,40.82,15,69.39,7.68,Card,Member,Urban
100720,2023-01-05,Fruits,Apple,2,101.8,10,183.24,47.48,Cash,Member,Urban
100721,2023-04-29,Snacks,Chips,12,25.91,0,310.92,57.03,Cash,Regular,Semi-Urban
100722,2023-10-16,Beverages,Coffee,6,374.24,10,2020.9,294.69,UPI,Regular,Rural
100723,2023-03-06,Dairy,Milk,10,364.43,0,3644.3,533.37,UPI,Regular,Rural
100724,2023-05-26,Fruits,Apple,16,76.67,0,1226.72,343.83,UPI,Member,Semi-Urban
100725,2023-08-12,Snacks,Chips,14,419.68,10,5287.97,1410.74,Cash,New,Urban
100726,2023-08-27,Dairy,Yogurt,7,85.85,20,480.76,101.3,UPI,Regular,Semi-Urban
100727,2023-06-26,Vegetables,Onion,19,157.58,0,2994.02,668.33,Card,Regular,Semi-Urban
100728,2023-09-24,Vegetables,Tomato,17,132.0,0,2244.0,437.28,Cash,Regular,Semi-Urban
100729,2023-12-07,Dairy,Milk,9,192.43,0,1731.87,308.85,UPI,New,Rural
100730,2023-10-09,Fruits,Mango,13,134.79,0,1752.27,496.06,Card,Member,Rural
100731,2023-03-04,Vegetables,Onion,5,249.59,0,1247.95,156.15,,Member,Urban
100732,2023-08-05,Beverages,Juice,5,209.63,0,1048.15,192.53,UPI,Member,Urban
100733,2023-12-08,Household,Detergent,10,493.42,5,4687.49,791.78,Card,Regular,Semi-Urban
100734,2023-11-11,Dairy,Yogurt,10,37.4,0,374.0,74.66,Cash,Member,Urban
100735,2023-10-10,Dairy,Milk,7,79.67,0,557.69,106.81,Cash,Regular,Semi-Urban
100736,2023-06-26,Vegetables,Tomato,15,35.88,10,484.38,98.71,Card,New,Urban
100737,2023-04-08,Fruits,Banana,7,316.66,10,1994.96,255.32,Cash,New,Semi-Urban
100738,2023-04-15,Beverages,Soda,15,36.71,0,550.65,111.58,UPI,Member,Rural
100739,2023-04-09,Fruits,Mango,3,419.86,0,1259.58,187.03,Card,Regular,Semi-Urban
100740,2023-11-07,Snacks,Nuts,19,260.85,5,4708.34,644.41,Cash,Regular,Rural
100741,2023-01-06,Snacks,Biscuits,10,268.23,0,2682.3,303.01,UPI,Member,Rural
100742,2023-07-16,Household,Tissue,15,285.18,0,4277.7,1080.25,UPI,New,Urban
100743,2023-12-17,Vegetables,Potato,3,93.7,10,252.99,46.93,Cash,New,Urban
100744,2023-05-13,Vegetables,Tomato,6,106.87,0,641.22,144.49,Card,New,Rural
100745,2023-12-24,Vegetables,Potato,12,166.22,0,1994.64,489.72,UPI,New,Semi-Urban
100746,2023-09-16,Household,Detergent,15,300.81,0,4512.15,1064.25,UPI,New,Semi-Urban
100747,2023-01-23,Snacks,Chocolate,6,112.96,0,677.76,131.55,UPI,Member,Urban
100748,2023-02-22,Fruits,Banana,13,67.0,0,871.0,154.67,UPI,Member,Semi-Urban
100749,2023-06-14,Household,Detergent,19,485.36,20,7377.47,1292.47,Card,Member,Semi-Urban
100750,2023-07-21,Household,Cleaner,3,20.77,0,62.31,14.21,Cash,New,Semi-Urban
100751,2023-03-24,Fruits,Mango,8,403.32,0,3226.56,641.95,Cash,New,Rural
100752,2023-05-25,Vegetables,Onion,8,396.14,0,3169.12,855.11,Cash,Member,Rural
100753,2023-03-26,Beverages,Juice,15,155.63,15,1984.28,545.56,UPI,Member,Semi-Urban
100754,2023-03-19,Fruits,Orange,4,76.46,5,290.55,38.97,Card,New,Urban
100755,2023-01-01,Snacks,Chips,19,81.36,0,1545.84,196.7,Cash,Regular,Semi-Urban
100756,2023-02-20,Dairy,Yogurt,3,351.74,15,896.94,202.78,Card,Member,Urban
100757,2023-06-22,Dairy,Butter,13,324.98,0,4224.74,676.99,Cash,New,Rural
100758,2023-07-24,Household,Cleaner,8,393.55,0,3148.4,326.53,UPI,New,Semi-Urban
100759,2023-09-17,Dairy,Yogurt,16,469.37,0,7509.92,2085.72,Cash,Member,Semi-Urban
100760,2023-10-15,Beverages,Juice,13,349.04,0,4537.52,659.67,UPI,Regular,Urban
100761,2023-02-03,Vegetables,Onion,3,86.37,0,259.11,74.07,UPI,New,Urban
100762,2023-12-14,Snacks,Chips,16,129.29,5,1965.21,478.5,Cash,Member,Semi-Urban
100763,2023-04-05,Beverages,Tea,9,422.67,0,3804.03,960.63,Card,New,Semi-Urban
100764,2023-03-13,Snacks,Biscuits,14,112.56,5,1497.05,210.02,UPI,New,Urban
100765,2023-02-08,Snacks,Chocolate,13,45.54,0,592.02,86.93,Card,New,Rural
100766,2023-06-03,Vegetables,Carrot,7,354.61,0,2482.27,507.01,Cash,New,Urban
100767,2023-09-07,Household,Tissue,15,207.24,0,3108.6,417.86,UPI,Regular,Semi-Urban
100768,2023-06-11,Dairy,Milk,7,460.82,15,2741.88,441.68,Card,Member,Rural
100769,2023-04-28,Vegetables,Onion,6,328.62,0,1971.72,323.94,UPI,Member,Rural
100770,2023-09-16,Beverages,Juice,2,54.31,5,103.19,13.61,Cash,Member,Rural
100771,2023-11-02,Household,Soap,9,474.45,0,4270.05,602.23,UPI,Member,Rural
100772,2023-09-25,Beverages,Soda,17,136.69,0,2323.73,598.85,Cash,Member,Semi-Urban
100773,2023-02-23,Household,Detergent,5,175.23,0,876.15,116.91,Card,Regular,Rural
100774,2023-08-24,Beverages,Coffee,12,207.11,0,2485.32,262.68,UPI,New,Urban
100775,2023-08-10,Vegetables,Tomato,1,35.1,0,35.1,7.93,Card,New,Urban
100776,2023-09-08,Household,Tissue,10,253.29,0,2532.9,747.7,Cash,Member,Urban
100777,2023-11-09,Household,Cleaner,11,70.43,10,697.26,115.91,Cash,New,Semi-Urban
100778,2023-04-22,Snacks,Chips,16,206.48,0,3303.68,408.77,,New,Rural
100779,2023-09-12,Snacks,Chips,14,181.85,5,2418.6,517.77,Card,New,Urban
100780,2023-10-30,Fruits,Orange,8,388.69,0,3109.52,874.62,Cash,Member,Urban
100781,2023-07-26,Beverages,Tea,17,403.55,5,6517.33,1673.73,Card,Member,Urban
100782,2023-08-17,Snacks,Nuts,18,85.17,5,1456.41,326.97,Cash,Regular,Rural
100783,2023-12-07,Fruits,Mango,12,189.61,0,2275.32,370.9,Card,Member,Urban
100784,2023-03-07,Snacks,Chocolate,17,192.94,0,3279.98,683.47,Cash,Regular,Rural
100785,2023-03-16,Beverages,Coffee,14,84.19,10,1060.79,125.44,Cash,Member,Rural
100786,2023-04-13,Household,Cleaner,16,401.24,15,5456.86,1286.67,UPI,New,Rural
100787,2023-07-11,Dairy,Milk,14,356.54,0,4991.56,1223.03,Cash,Regular,Semi-Urban
100788,2023-09-09,Beverages,Juice,9,103.29,0,929.61,272.38,Cash,Regular,Semi-Urban
100789,2023-08-14,Vegetables,Potato,4,189.69,15,644.95,98.08,UPI,Regular,Rural
100790,2023-10-21,Snacks,Chips,11,61.84,0,680.24,70.53,UPI,Member,Rural
100791,2023-11-02,Snacks,Chocolate,6,317.82,5,1811.57,378.84,Card,Regular,Semi-Urban
100792,2023-04-08,Household,Tissue,15,69.47,0,1042.05,251.51,Card,Member,Semi-Urban
100793,2023-12-04,Vegetables,Potato,5,493.11,0,2465.55,636.31,Cash,Regular,Rural
100794,2023-10-13,Household,Tissue,11,392.53,5,4101.94,569.13,Card,Member,Semi-Urban
100795,2023-12-01,Vegetables,Onion,18,201.22,5,3440.86,524.22,Card,Regular,Urban
100796,2023-12-13,Dairy,Milk,13,293.5,0,3815.5,772.71,Cash,New,Rural
100797,2023-11-04,Snacks,Biscuits,11,456.56,0,5022.16,834.28,UPI,New,Rural
100798,2023-09-06,Snacks,Chocolate,14,281.51,10,3547.03,965.15,UPI,Regular,Semi-Urban
100799,2023-06-15,Dairy,Cheese,18,95.5,5,1633.05,318.04,Cash,Member,Urban
100800,2023-12-01,Fruits,Banana,19,195.56,0,3715.64,965.75,Cash,Member,Semi-Urban
100801,2023-01-30,Household,Soap,15,423.14,5,6029.74,1303.17,Cash,Member,Urban
100802,2023-09-04,Dairy,Butter,9,325.66,10,2637.85,671.64,Cash,New,Urban
100803,2023-04-16,Household,Tissue,8,328.85,10,2367.72,394.31,Cash,New,Rural
100804,2023-02-20,Beverages,Soda,1,434.74,5,413.0,109.98,Cash,New,Urban
100805,2023-03-22,Snacks,Biscuits,4,448.05,0,1792.2,277.64,Card,Member,Rural
100806,2023-05-13,Household,Tissue,14,460.7,10,5804.82,1214.48,Card,Member,Urban
100807,2023-10-12,Vegetables,Onion,2,56.48,5,107.31,15.32,Card,Member,Rural
100808,2023-05-18,Household,Detergent,16,276.62,0,4425.92,863.52,UPI,Regular,Urban
100809,2023-07-03,Beverages,Soda,3,372.85,0,1118.55,183.03,Cash,Regular,Semi-Urban
100810,2023-11-26,Snacks,Biscuits,8,380.89,0,3047.12,467.25,Cash,Regular,Urban
100811,2023-09-30,Dairy,Butter,6,307.29,5,1751.55,513.9,Card,New,Semi-Urban
100812,2023-12-06,Beverages,Tea,16,91.73,0,1467.68,193.76,UPI,New,Urban
100813,2023-03-10,Snacks,Nuts,16,400.74,5,6091.25,1568.28,Card,Member,Urban
100814,2023-02-03,Household,Cleaner,7,362.85,15,2158.96,640.85,Cash,Regular,Rural
100815,2023-09-19,Fruits,Orange,13,52.21,10,610.86,63.52,Cash,Member,Urban
100816,2023-02-22,Fruits,Apple,13,237.27,15,2621.83,628.73,Card,Regular,Urban
100817,2023-07-24,Vegetables,Carrot,5,95.25,20,381.0,57.37,,Regular,Urban
100818,2023-05-06,Snacks,Biscuits,18,175.36,0,3156.48,341.21,Cash,Member,Semi-Urban
100819,2023-08-23,Fruits,Orange,15,18.86,5,268.75,48.53,Card,Member,Rural
100820,2023-02-12,Dairy,Cheese,18,206.16,0,3710.88,1065.18,Cash,Regular,Rural
100821,2023-08-28,Snacks,Biscuits,2,279.44,15,475.05,48.62,Card,Regular,Urban
100822,2023-04-21,Dairy,Milk,10,313.6,0,3136.0,682.32,UPI,New,Urban
100823,2023-09-06,Dairy,Butter,13,335.11,20,3485.14,698.0,Cash,Member,Semi-Urban
100824,2023-05-31,Fruits,Mango,18,419.78,5,7178.24,1971.7,UPI,Member,Urban
100825,2023-07-02,Snacks,Chocolate,15,115.58,10,1560.33,182.25,Card,Member,Rural
100826,2023-12-02,Household,Detergent,12,69.04,0,828.48,195.77,,Member,Rural
100827,2023-04-05,Beverages,Coffee,15,427.25,0,6408.75,1512.61,Card,Regular,Semi-Urban
100828,2023-01-08,Fruits,Orange,13,86.74,10,1014.86,237.29,UPI,New,Semi-Urban
100829,2023-12-26,Fruits,Banana,18,487.63,0,8777.34,2531.97,UPI,Member,Rural
100830,2023-07-03,Household,Detergent,15,422.84,10,5708.34,1510.53,UPI,Regular,Semi-Urban
100831,2023-10-08,Snacks,Chips,11,255.43,0,2809.73,304.56,Cash,Regular,Urban
100832,2023-07-14,Snacks,Chips,19,490.9,5,8860.75,1720.9,UPI,Regular,Urban
100833,2023-12-18,Dairy,Milk,3,57.71,0,173.13,31.09,Card,Regular,Semi-Urban
100834,2023-07-14,Household,Detergent,7,158.5,5,1054.02,170.78,Card,Regular,Rural
100835,2023-06-04,Household,Cleaner,14,322.73,5,4292.31,816.69,Cash,Member,Semi-Urban
100836,2023-04-03,Snacks,Chips,14,181.5,0,2541.0,449.35,Cash,Member,Rural
100837,2023-06-09,Dairy,Butter,13,464.9,0,6043.7,1126.95,Card,New,Semi-Urban
100838,2023-03-02,Fruits,Apple,12,42.16,0,505.92,149.68,UPI,Member,Semi-Urban
100839,2023-05-02,Vegetables,Carrot,9,279.21,5,2387.25,281.04,Card,Regular,Semi-Urban
100840,2023-02-20,Beverages,Coffee,1,299.52,5,284.54,80.94,Cash,New,Urban
100841,2023-10-04,Fruits,Apple,19,329.84,10,5640.26,1105.76,Cash,Regular,Urban
100842,2023-01-05,Snacks,Biscuits,11,135.28,5,1413.68,317.72,Card,Regular,Rural
100843,2023-04-02,Beverages,Juice,19,188.64,0,3584.16,953.52,UPI,Member,Semi-Urban
100844,2023-06-19,Vegetables,Tomato,18,423.4,0,7621.2,1311.55,UPI,Regular,Urban
100845,2023-11-13,Vegetables,Potato,12,105.52,0,1266.24,235.63,Cash,Member,Semi-Urban
100846,2023-01-22,Dairy,Yogurt,1,415.17,0,415.17,75.52,Card,Regular,Rural
100847,2023-11-22,Beverages,Tea,19,285.7,20,4342.64,759.73,Card,New,Urban
100848,2023-01-01,Dairy,Milk,17,383.47,15,5541.14,1579.81,Cash,Regular,Rural
100849,2023-05-13,Fruits,Banana,5,359.67,0,1798.35,477.98,Card,Member,Urban
100850,2023-08-21,Household,Soap,3,111.68,5,318.29,38.77,Cash,Regular,Semi-Urban
100851,2023-01-12,Household,Detergent,2,288.72,10,519.7,63.21,UPI,Member,Rural
100852,2023-12-12,Household,Cleaner,3,435.18,0,1305.54,242.27,UPI,Member,Urban
100853,2023-02-15,Beverages,Tea,8,221.74,0,1773.92,212.39,Card,New,Urban
100854,2023-02-03,Household,Tissue,16,483.63,0,7738.08,1731.93,UPI,Member,Semi-Urban
100855,2023-03-19,Fruits,Banana,6,231.59,5,1320.06,169.94,UPI,New,Rural
100856,2023-08-06,Dairy,Cheese,13,79.96,20,831.58,170.04,Cash,New,Rural
100857,2023-10-28,Beverages,Coffee,16,200.82,5,3052.46,309.65,Cash,Regular,Rural
100858,2023-03-14,Dairy,Yogurt,16,476.33,0,7621.28,1244.7,Card,New,Semi-Urban
100859,2023-10-09,Beverages,Soda,3,166.66,0,499.98,117.71,Cash,Member,Urban
100860,2023-09-06,Dairy,Yogurt,13,435.37,10,5093.83,1002.51,Card,Member,Urban
100861,2023-02-16,Vegetables,Onion,14,441.81,10,5566.81,1645.85,Card,New,Rural
100862,2023-05-01,Dairy,Milk,8,181.59,5,1380.08,379.28,Cash,Regular,Urban
100863,2023-08-02,Household,Cleaner,12,50.8,5,579.12,99.5,UPI,New,Rural
100864,2023-08-27,Vegetables,Carrot,8,365.03,0,2920.24,318.59,UPI,New,Semi-Urban
100865,2023-02-25,Dairy,Cheese,9,162.64,10,1317.38,354.54,UPI,Member,Semi-Urban
100866,2023-12-16,Beverages,Soda,1,393.63,10,354.27,99.99,UPI,Regular,Semi-Urban
100867,2023-04-17,Beverages,Tea,6,226.9,0,1361.4,359.58,Card,Regular,Rural
100868,2023-11-15,Beverages,Soda,19,247.78,10,4237.04,532.13,UPI,Regular,Urban
100869,2023-02-17,Snacks,Nuts,11,391.18,0,4302.98,1289.1,Card,Regular,Semi-Urban
100870,2023-03-02,Fruits,Orange,11,197.36,0,2170.96,329.37,,Member,Rural
100871,2023-12-03,Beverages,Soda,13,227.13,0,2952.69,722.94,Cash,Regular,Rural
100872,2023-01-26,Vegetables,Tomato,11,194.33,0,2137.63,601.97,Card,Regular,Semi-Urban
100873,2023-10-19,Beverages,Juice,18,190.0,0,3420.0,503.21,UPI,Regular,Semi-Urban
100874,2023-09-14,Snacks,Nuts,15,267.71,0,4015.65,1131.01,Card,Member,Semi-Urban
100875,2023-01-08,Household,Detergent,1,406.31,5,385.99,62.49,UPI,Member,Urban
100876,2023-04-23,Vegetables,Carrot,7,187.27,0,1310.89,387.08,UPI,Regular,Urban
100877,2023-12-21,Snacks,Chocolate,13,266.88,0,3469.44,542.11,Card,Member,Rural
100878,2023-09-10,Household,Soap,12,338.66,0,4063.92,1181.33,Card,New,Semi-Urban
100879,2023-06-29,Vegetables,Onion,18,142.03,5,2428.71,268.88,UPI,Regular,Semi-Urban
100880,2023-07-26,Dairy,Cheese,19,145.99,0,2773.81,670.86,Card,Member,Urban
100881,2023-10-30,Fruits,Mango,15,467.37,0,7010.55,1447.13,UPI,Regular,Semi-Urban
100882,2023-05-07,Fruits,Mango,8,364.53,15,2478.8,484.79,Card,Regular,Rural
100883,2023-02-25,Snacks,Nuts,19,292.82,10,5007.22,724.54,Cash,Member,Semi-Urban
100884,2023-08-02,Household,Cleaner,10,327.38,15,2782.73,670.97,UPI,New,Urban
100885,2023-01-14,Fruits,Apple,7,24.36,0,170.52,23.56,Cash,Regular,Rural
100886,2023-01-28,Household,Cleaner,18,312.87,0,5631.66,1185.85,Card,New,Rural
100887,2023-03-19,Household,Cleaner,16,259.66,5,3946.83,594.59,Cash,Member,Semi-Urban
100888,2023-08-04,Snacks,Biscuits,6,277.42,0,1664.52,484.58,Card,Regular,Rural
100889,2023-12-31,Snacks,Biscuits,9,186.12,0,1675.08,177.1,UPI,Member,Semi-Urban
100890,2023-06-03,Snacks,Biscuits,13,49.92,0,648.96,90.82,Card,Member,Semi-Urban
100891,2023-01-14,Fruits,Apple,8,104.74,10,754.13,111.96,,Member,Urban
100892,2023-07-06,Snacks,Chips,16,475.86,0,7613.76,1391.9,UPI,Member,Rural
100893,2023-11-08,Fruits,Banana,13,210.26,15,2323.37,340.48,Card,Regular,Semi-Urban
100894,2023-01-07,Snacks,Biscuits,13,238.67,15,2637.3,522.9,UPI,New,Semi-Urban
100895,2023-01-03,Beverages,Juice,17,35.83,0,609.11,167.2,Card,New,Semi-Urban
100896,2023-04-21,Household,Tissue,-5,28.41,10,127.85,30.99,UPI,Regular,Rural
100897,2023-08-26,Snacks,Chips,17,361.42,5,5836.93,1260.73,Cash,Regular,Rural
100898,2023-12-29,Vegetables,Tomato,9,273.67,10,2216.73,261.13,Card,New,Rural
100899,2023-08-27,Household,Soap,2,259.27,0,518.54,123.83,Card,New,Semi-Urban
100900,2023-10-01,Household,Detergent,18,129.13,10,2091.91,278.82,Card,Regular,Rural
100901,2023-10-21,Snacks,Nuts,9,374.93,0,3374.37,868.14,UPI,Member,Semi-Urban
100902,2023-08-15,Dairy,Milk,6,92.44,15,471.44,70.72,Card,Regular,Rural
100903,2023-01-15,Snacks,Biscuits,11,103.07,0,1133.77,207.94,UPI,New,Rural
100904,2023-07-11,Household,Cleaner,6,235.75,0,1414.5,240.6,Card,Member,Semi-Urban
100905,2023-04-29,Vegetables,Onion,6,150.28,10,811.51,220.54,Cash,New,Rural
100906,2023-01-28,Household,Soap,13,131.26,10,1535.74,192.44,Card,Member,Semi-Urban
100907,2023-07-21,Vegetables,Onion,11,326.17,5,3408.48,726.45,Cash,New,Rural
100908,2023-02-08,Fruits,Mango,14,328.98,0,4605.72,591.43,UPI,Member,Rural
100909,2023-09-30,Beverages,Tea,2,414.01,0,828.02,199.52,Cash,Regular,Rural
100910,2023-08-19,Household,Cleaner,8,214.68,20,1373.95,386.1,Card,Regular,Rural
100911,2023-03-27,Snacks,Nuts,3,45.81,10,123.69,23.12,Card,Member,Urban
100912,2023-05-06,Fruits,Apple,3,144.1,10,389.07,76.89,,Member,Semi-Urban
100913,2023-10-27,Beverages,Juice,-5,490.2,0,490.2,139.94,Card,Regular,Urban
100914,2023-01-25,Snacks,Nuts,19,302.17,0,5741.23,1172.35,Card,Regular,Rural
100915,2023-05-25,Dairy,Yogurt,18,357.77,5,6117.87,1208.4,UPI,Member,Rural
100916,2023-01-13,Snacks,Nuts,17,13.61,10,208.23,44.91,UPI,Member,Semi-Urban
100917,2023-07-31,Vegetables,Onion,13,263.92,0,3430.96,816.04,Cash,Regular,Semi-Urban
100918,2023-01-25,Vegetables,Carrot,3,28.39,15,72.39,8.79,UPI,New,Semi-Urban
100919,2023-03-09,Dairy,Cheese,1,288.92,5,274.47,72.52,Card,Regular,Semi-Urban
100920,2023-03-08,Fruits,Orange,4,461.18,0,1844.72,345.15,UPI,Member,Rural
100921,2023-08-21,Beverages,Juice,13,484.53,0,6298.89,721.03,Card,Member,Semi-Urban
100922,2023-04-19,Snacks,Chips,17,274.87,0,4672.79,1202.01,Cash,New,Urban
100923,2023-05-26,Vegetables,Tomato,11,234.52,5,2450.73,429.83,UPI,Regular,Semi-Urban
100924,2023-04-21,Fruits,Orange,2,473.06,0,946.12,113.6,Card,Member,Semi-Urban
100925,2023-08-16,Dairy,Cheese,16,340.07,0,5441.12,1233.81,UPI,Regular,Urban
100926,2023-04-21,Household,Tissue,2,,10,75.24,20.77,UPI,Member,Urban
100927,2023-02-03,Vegetables,Carrot,19,238.21,0,4525.99,1256.19,UPI,New,Urban
100928,2023-04-21,Dairy,Milk,19,,0,2426.68,707.46,UPI,Regular,Urban
100929,2023-09-21,Snacks,Chips,16,240.2,0,3843.2,1051.27,Cash,Regular,Semi-Urban
100930,2023-08-24,Beverages,Tea,19,233.18,5,4208.9,422.69,Card,New,Urban
100931,2023-03-24,Vegetables,Potato,9,295.25,10,2391.52,421.02,UPI,Member,Rural
100932,2023-02-11,Vegetables,Carrot,1,184.82,0,184.82,48.74,Card,Member,Semi-Urban
100933,2023-04-11,Snacks,Chocolate,10,90.49,10,814.41,141.1,Cash,Regular,Rural
100934,2023-01-06,Household,Tissue,19,256.82,5,4635.6,1021.27,Card,New,Semi-Urban
100935,2023-06-29,Fruits,Apple,1,416.8,0,416.8,92.22,Card,Regular,Semi-Urban
100936,2023-10-09,Beverages,Coffee,2,,0,670.74,116.04,Cash,Regular,Rural
100937,2023-11-16,Vegetables,Potato,16,175.8,0,2812.8,790.1,UPI,Member,Urban
100938,2023-08-14,Beverages,Soda,12,468.41,0,5620.92,1127.81,Card,Member,Urban
100939,2023-11-11,Vegetables,Tomato,8,456.98,10,3290.26,634.88,Card,Member,Rural
100940,2023-12-31,Beverages,Soda,18,112.58,5,1925.12,576.58,UPI,Member,Urban
100941,2023-08-17,Dairy,Cheese,2,,0,58.62,11.65,UPI,Member,Semi-Urban
100942,2023-10-16,Vegetables,Onion,13,373.24,0,4852.12,658.33,,New,Semi-Urban
100943,2023-05-30,Beverages,Coffee,6,-100.0,0,2493.18,505.15,Cash,Regular,Semi-Urban
100944,2023-10-04,Fruits,Apple,6,484.25,5,2760.22,725.4,UPI,New,Urban
100945,2023-07-17,Dairy,Milk,9,446.02,0,4014.18,1025.11,UPI,Regular,Urban
100946,2023-03-11,Dairy,Milk,16,304.26,5,4624.75,1191.87,Cash,Member,Rural
100947,2023-04-22,Fruits,Apple,11,269.73,0,2967.03,716.85,Card,New,Semi-Urban
100948,2023-01-04,Beverages,Juice,7,23.64,5,157.21,23.71,UPI,Regular,Rural
100949,2023-12-16,Snacks,Biscuits,10,130.86,15,1112.31,303.01,Card,Member,Urban
100950,2023-11-27,Fruits,Orange,10,235.21,0,2352.1,655.5,Card,Member,Rural
100951,2023-11-14,Beverages,Juice,18,317.97,0,5723.46,794.59,Card,New,Urban
100952,2023-12-16,Fruits,Orange,9,283.05,20,2037.96,256.97,Cash,New,Semi-Urban
100953,2023-04-05,Fruits,Orange,15,373.89,0,5608.35,1655.14,Card,New,Semi-Urban
100954,2023-06-01,Vegetables,Potato,4,147.09,5,558.94,152.96,Card,Member,Urban
100955,2023-11-07,Beverages,Juice,8,286.83,0,2294.64,639.4,UPI,Regular,Urban
100956,2023-05-17,Snacks,Biscuits,9,53.19,5,454.77,126.1,UPI,Regular,Urban
100957,2023-09-04,Vegetables,Tomato,13,212.7,0,2765.1,576.07,Cash,New,Semi-Urban
100958,2023-08-31,Fruits,Banana,9,377.58,20,2718.58,623.32,Cash,Regular,Urban
100959,2023-01-31,Household,Cleaner,4,,10,1259.17,263.26,UPI,Member,Semi-Urban
100960,2023-02-09,Fruits,Apple,17,495.41,10,7579.77,835.6,UPI,Regular,Rural
100961,2023-08-17,Fruits,Mango,16,146.17,10,2104.85,524.32,Cash,Member,Semi-Urban
100962,2023-02-05,Beverages,Tea,15,254.11,5,3621.07,728.08,Card,New,Rural
100963,2023-08-11,Beverages,Coffee,3,171.47,0,514.41,118.08,Cash,Regular,Semi-Urban
100964,2023-01-06,Vegetables,Onion,5,225.9,15,960.08,192.52,Card,Member,Semi-Urban
100965,2023-11-18,Snacks,Biscuits,5,429.91,20,1719.64,341.11,UPI,New,Urban
100966,2023-08-08,Vegetables,Tomato,15,345.26,0,5178.9,695.83,UPI,New,Semi-Urban
100967,2023-03-16,Dairy,Butter,18,442.4,15,6768.72,1054.18,UPI,New,Urban
100968,2023-01-04,Fruits,Banana,15,109.72,5,1563.51,206.02,Card,New,Urban
100969,2023-12-01,Household,Soap,2,437.95,5,832.1,115.77,Cash,Regular,Urban
100970,2023-05-14,Fruits,Apple,13,39.28,0,510.64,150.43,Card,Member,Semi-Urban
100971,2023-04-28,Fruits,Orange,4,445.41,0,1781.64,232.72,Cash,Regular,Urban
100972,2023-04-04,Vegetables,Tomato,10,171.25,0,1712.5,263.48,Cash,Member,Rural
100973,2023-03-03,Household,Cleaner,13,164.15,0,2133.95,465.45,Cash,New,Rural
100974,2023-07-13,Household,Soap,10,260.92,5,2478.74,550.37,UPI,Regular,Semi-Urban
100975,2023-12-01,Household,Tissue,9,470.94,0,4238.46,554.37,Cash,New,Urban
100976,2023-07-22,Vegetables,Potato,8,33.41,0,267.28,69.16,UPI,Member,Rural
100977,2023-01-26,Fruits,Mango,3,182.59,20,438.22,112.64,Cash,New,Semi-Urban
100978,2023-06-22,Vegetables,Onion,16,429.72,0,6875.52,1013.89,Cash,Regular,Semi-Urban
100979,2023-10-27,Beverages,Coffee,14,204.07,0,2856.98,450.64,UPI,Regular,Semi-Urban
100980,2023-05-13,Beverages,Tea,9,107.59,0,968.31,278.48,UPI,Member,Semi-Urban
100981,2023-11-22,Vegetables,Tomato,11,218.15,0,2399.65,636.23,Card,Member,Semi-Urban
100982,2023-04-28,Household,Soap,3,198.92,10,537.08,128.66,Cash,Regular,Urban
100983,2023-11-20,Fruits,Orange,5,458.55,5,2178.11,253.63,UPI,Regular,Urban
100984,2023-10-02,Vegetables,Carrot,10,383.35,10,3450.15,633.63,Card,Regular,Urban
100985,2023-07-31,Vegetables,Tomato,13,257.51,0,3347.63,709.23,Card,Regular,Urban
100986,2023-08-13,Vegetables,Potato,4,494.3,5,1878.34,258.24,UPI,Member,Semi-Urban
100987,2023-01-20,Dairy,Milk,13,237.99,0,3093.87,586.74,Cash,Regular,Semi-Urban
100988,2023-04-23,Beverages,Soda,12,38.54,0,462.48,101.84,Card,Member,Rural
100989,2023-05-20,Household,Tissue,5,138.51,0,692.55,114.6,Cash,Regular,Rural
100990,2023-02-16,Snacks,Biscuits,10,-100.0,0,2236.7,573.02,Cash,Regular,Urban
100991,2023-01-01,Household,Detergent,9,86.88,0,781.92,209.62,Card,New,Semi-Urban
100992,2023-03-31,Snacks,Biscuits,7,474.31,0,3320.17,546.9,UPI,New,Rural
100993,2023-05-22,Dairy,Cheese,2,385.76,20,617.22,165.25,Cash,Regular,Rural
100994,2023-11-16,Vegetables,Tomato,7,141.46,0,990.22,119.53,UPI,Member,Rural
100995,2023-02-07,Dairy,Cheese,8,299.49,0,2395.92,641.02,Card,Regular,Rural
100996,2023-10-20,Dairy,Milk,7,363.51,0,2544.57,332.19,Cash,New,Urban
100997,2023-05-19,Fruits,Banana,14,471.23,5,6267.36,730.68,UPI,Regular,Semi-Urban
100998,2023-12-22,Beverages,Tea,19,442.0,0,8398.0,1917.73,UPI,New,Urban
100999,2023-11-29,Snacks,Nuts,5,262.44,15,1115.37,216.81,Cash,Regular,Rural
101000,2023-09-16,Vegetables,Potato,18,389.58,20,5609.95,1579.64,UPI,Regular,Rural
101001,2023-06-10,Snacks,Chocolate,12,285.45,0,3425.4,591.35,UPI,Member,Semi-Urban
101002,2023-06-27,Household,Detergent,17,280.82,0,4773.94,751.56,Card,New,Semi-Urban
101003,2023-01-10,Snacks,Biscuits,13,66.22,0,860.86,172.3,Card,New,Urban
101004,2023-09-18,Household,Detergent,2,71.81,5,136.44,26.09,UPI,New,Semi-Urban
101005,2023-05-18,Beverages,Tea,13,269.47,0,3503.11,591.62,UPI,Member,Urban
101006,2023-06-21,Household,Tissue,7,141.74,0,992.18,236.88,Cash,Regular,Urban
101007,2023-01-13,Snacks,Chocolate,10,20.31,0,203.1,51.16,Card,Member,Rural
101008,2023-06-17,Snacks,Nuts,6,364.19,5,2075.88,561.73,Cash,Regular,Urban
101009,2023-05-10,Household,Detergent,3,25.92,0,77.76,22.91,UPI,Member,Rural
101010,2023-03-25,Dairy,Milk,3,301.69,0,905.07,138.78,Cash,Member,Urban
101011,2023-11-17,Beverages,Soda,18,274.2,5,4688.82,1140.41,UPI,New,Urban
101012,2023-11-15,Fruits,Mango,11,484.72,5,5065.32,905.94,Card,Member,Semi-Urban
101013,2023-04-11,Vegetables,Onion,5,247.26,15,1050.86,247.39,Card,Regular,Semi-Urban
101014,2023-11-25,Snacks,Biscuits,19,41.16,0,782.04,152.65,UPI,Member,Rural
101015,2023-09-30,Vegetables,Onion,19,280.33,10,4793.64,1432.12,Card,Member,Semi-Urban
101016,2023-09-22,Fruits,Orange,15,422.14,5,6015.49,1478.49,UPI,Regular,Urban
101017,2023-02-07,Vegetables,Onion,16,498.46,0,7975.36,2316.83,Cash,New,Rural
101018,2023-04-04,Fruits,Banana,9,220.87,5,1888.44,504.2,UPI,Regular,Rural
101019,2023-04-05,Household,Cleaner,4,166.95,0,667.8,187.37,Cash,Regular,Rural
101020,2023-11-01,Dairy,Butter,15,454.26,15,5791.82,1522.57,UPI,Regular,Urban
101021,2023-03-10,Snacks,Biscuits,12,103.71,0,1244.52,238.74,Card,Member,Semi-Urban
101022,2023-11-14,Fruits,Orange,3,311.56,5,887.95,133.51,UPI,Member,Rural
101023,2023-08-24,Vegetables,Potato,14,208.8,0,2923.2,508.82,UPI,Regular,Urban
101024,2023-11-30,Snacks,Nuts,17,30.13,20,409.77,42.64,UPI,Regular,Semi-Urban
101025,2023-05-17,Dairy,Yogurt,19,180.17,0,3423.23,701.07,Card,New,Semi-Urban
101026,2023-03-17,Household,Tissue,6,139.96,20,671.81,135.04,UPI,Member,Rural
101027,2023-02-04,Snacks,Chocolate,4,346.18,15,1177.01,241.35,Card,Member,Urban
101028,2023-01-01,Fruits,Apple,7,474.91,0,3324.37,980.05,UPI,Member,Semi-Urban
101029,2023-10-23,Dairy,Milk,19,141.34,10,2416.91,682.27,Cash,Member,Urban
101030,2023-11-16,Vegetables,Onion,17,407.62,20,5543.63,733.66,UPI,Regular,Semi-Urban
101031,2023-03-01,Dairy,Milk,16,37.13,0,594.08,103.24,Cash,Regular,Rural
101032,2023-11-16,Dairy,Cheese,15,273.68,0,4105.2,758.6,Card,New,Rural
101033,2023-12-15,Beverages,Juice,8,44.57,5,338.73,58.3,Card,Member,Semi-Urban
101034,2023-11-24,Dairy,Butter,19,467.68,0,8885.92,2307.67,UPI,Member,Urban
101035,2023-09-24,Dairy,Butter,8,385.51,0,3084.08,631.64,Card,Regular,Semi-Urban
101036,2023-12-27,Snacks,Biscuits,18,332.4,0,5983.2,1282.92,UPI,New,Urban
101037,2023-08-17,Vegetables,Carrot,16,413.71,0,6619.36,1791.22,Card,Regular,Semi-Urban
101038,2023-09-27,Snacks,Chocolate,19,327.28,0,6218.32,1624.14,Cash,Member,Rural
101039,2023-11-12,Snacks,Biscuits,10,484.78,0,4847.8,612.97,Card,Member,Urban
101040,2023-10-13,Fruits,Apple,17,359.84,15,5199.69,1262.4,Cash,New,Rural
101041,2023-10-18,Snacks,Chips,13,463.08,10,5418.04,1013.65,UPI,Regular,Urban
101042,2023-08-01,Beverages,Soda,13,263.39,0,3424.07,544.19,UPI,Member,Semi-Urban
101043,2023-06-14,Beverages,Soda,7,67.36,5,447.94,49.28,,Member,Rural
101044,2023-01-05,Fruits,Orange,10,268.81,5,2553.69,504.23,Cash,New,Rural
101045,2023-12-05,Household,Soap,2,72.17,20,115.47,19.76,UPI,Member,Urban
101046,2023-03-19,Vegetables,Potato,4,300.32,0,1201.28,180.56,UPI,Member,Urban
101047,2023-03-03,Vegetables,Tomato,6,246.42,0,1478.52,353.27,Cash,Regular,Urban
101048,2023-05-12,Snacks,Biscuits,18,315.06,15,4820.42,1223.89,Card,New,Rural
101049,2023-03-30,Snacks,Chips,6,14.92,15,76.09,11.33,,New,Semi-Urban
101050,2023-08-25,Household,Tissue,17,105.47,10,1613.69,177.33,Card,New,Urban
101051,2023-02-11,Snacks,Chocolate,14,250.75,10,3159.45,852.26,Card,Regular,Semi-Urban
101052,2023-03-30,Vegetables,Tomato,11,475.75,0,5233.25,533.75,UPI,New,Urban
101053,2023-10-23,Dairy,Yogurt,19,197.97,5,3573.36,1027.06,UPI,Member,Semi-Urban
101054,2023-11-24,Beverages,Juice,2,217.94,0,435.88,98.3,Cash,New,Urban
101055,2023-10-22,Dairy,Milk,3,360.2,0,1080.6,177.62,Cash,Member,Semi-Urban
101056,2023-04-14,Dairy,Yogurt,11,-100.0,10,3028.01,452.07,UPI,New,Rural
101057,2023-01-14,Vegetables,Tomato,6,156.47,0,938.82,95.57,Card,New,Urban
101058,2023-10-15,Dairy,Milk,14,211.3,0,2958.2,435.13,,Regular,Urban
101059,2023-06-28,Household,Cleaner,19,116.67,15,1884.22,240.32,Cash,New,Rural
101060,2023-05-05,Fruits,Mango,16,483.35,0,7733.6,1720.21,UPI,New,Urban
101061,2023-12-19,Snacks,Nuts,7,74.01,20,414.46,55.25,,Regular,Urban
101062,2023-01-23,Fruits,Banana,8,192.2,20,1230.08,253.06,UPI,Member,Rural
101063,2023-03-04,Beverages,Juice,19,22.66,5,409.01,89.17,UPI,New,Rural
101064,2023-05-23,Snacks,Chocolate,16,118.67,0,1898.72,303.05,Cash,New,Semi-Urban
101065,2023-06-02,Dairy,Milk,7,392.43,0,2747.01,293.97,Cash,Member,Rural
101066,2023-05-25,Beverages,Juice,9,108.58,0,977.22,105.0,Cash,Regular,Rural
101067,2023-08-13,Snacks,Biscuits,13,49.23,0,639.99,67.37,Card,New,Urban
101068,2023-11-05,Household,Soap,1,242.48,0,242.48,60.09,Cash,Regular,Rural
101069,2023-04-14,Household,Cleaner,8,14.88,20,95.23,15.58,Cash,Member,Urban
101070,2023-04-14,Household,Cleaner,4,51.54,0,206.16,53.45,UPI,Member,Rural
101071,2023-02-08,Household,Detergent,3,405.74,10,1095.5,204.14,Cash,Regular,Rural
101072,2023-07-17,Dairy,Milk,3,388.02,0,1164.06,221.87,Cash,Member,Semi-Urban
101073,2023-05-14,Fruits,Orange,13,458.42,5,5661.49,1146.88,Cash,Member,Rural
101074,2023-03-08,Snacks,Chips,8,428.71,15,2915.23,707.25,UPI,New,Rural
101075,2023-06-28,Dairy,Milk,7,344.76,0,2413.32,373.34,Cash,Regular,Urban
101076,2023-02-11,Household,Soap,1,35.64,0,35.64,4.43,Cash,New,Urban
101077,2023-01-15,Fruits,Banana,16,393.6,5,5982.72,1263.62,Card,Regular,Semi-Urban
101078,2023-04-21,Beverages,Juice,6,424.3,10,2291.22,378.96,Card,New,Rural
101079,2023-06-06,Beverages,Tea,7,401.55,5,2670.31,503.35,Card,Member,Urban
101080,2023-10-16,Beverages,Juice,12,259.15,0,3109.8,713.35,Card,Regular,Rural
101081,2023-08-19,Household,Cleaner,9,,0,1117.08,222.1,UPI,Regular,Semi-Urban
101082,2023-06-06,Beverages,Juice,11,424.21,20,3733.05,836.41,Card,Regular,Urban
101083,2023-02-07,Vegetables,Onion,10,366.31,15,3113.64,650.25,Cash,Regular,Urban
101084,2023-04-07,Snacks,Chocolate,1,490.57,0,490.57,121.64,Card,Member,Semi-Urban
101085,2023-10-16,Snacks,Chips,18,86.29,10,1397.9,337.16,UPI,Member,Rural
101086,2023-09-11,Household,Soap,4,120.58,0,482.32,99.76,Card,Member,Urban
101087,2023-07-15,Vegetables,Onion,5,,0,568.9,134.14,Card,New,Urban
101088,2023-03-27,Dairy,Yogurt,9,398.34,0,3585.06,984.86,UPI,Member,Semi-Urban
101089,2023-11-18,Dairy,Cheese,17,101.58,0,1726.86,321.98,UPI,New,Semi-Urban
101090,2023-01-10,Beverages,Coffee,3,42.66,5,121.58,22.19,UPI,New,Semi-Urban
101091,2023-01-05,Fruits,Mango,16,499.29,0,7988.64,2019.92,UPI,Member,Rural
101092,2023-05-03,Dairy,Milk,5,22.16,0,110.8,23.99,UPI,Member,Rural
101093,2023-11-26,Fruits,Banana,16,419.27,10,6037.49,689.49,UPI,Member,Rural
101094,2023-12-19,Snacks,Nuts,3,189.03,5,538.74,150.0,Cash,New,Semi-Urban
101095,2023-04-28,Fruits,Apple,15,422.39,5,6019.06,638.96,Card,Regular,Urban
101096,2023-10-21,Snacks,Nuts,3,281.76,15,718.49,179.39,Card,Member,Rural
101097,2023-06-08,Vegetables,Carrot,14,451.8,0,6325.2,1592.42,UPI,New,Semi-Urban
101098,2023-10-30,Vegetables,Tomato,16,463.83,5,7050.22,2048.95,UPI,New,Rural
101099,2023-08-16,Household,Soap,17,14.46,10,221.24,24.52,Cash,Member,Urban
101100,2023-12-31,Household,Soap,18,46.95,5,802.84,176.12,Cash,New,Urban
101101,2023-08-04,Beverages,Soda,18,132.68,0,2388.24,443.18,UPI,Member,Semi-Urban
101102,2023-07-03,Dairy,Yogurt,14,337.96,0,4731.44,786.02,,New,Urban
101103,2023-01-15,Beverages,Juice,18,445.25,15,6812.32,804.29,Cash,Regular,Semi-Urban
101104,2023-06-06,Snacks,Chocolate,15,235.37,0,3530.55,750.35,UPI,New,Semi-Urban
101105,2023-05-16,Beverages,Coffee,15,307.42,15,3919.6,767.49,UPI,Member,Semi-Urban
101106,2023-09-18,Fruits,Orange,6,102.36,5,583.45,70.55,UPI,Regular,Semi-Urban
101107,2023-06-06,Snacks,Biscuits,15,,5,5763.13,1282.28,UPI,Member,Urban
101108,2023-02-16,Household,Soap,18,483.99,10,7840.64,1941.27,,New,Urban
101109,2023-11-20,Vegetables,Onion,4,141.61,5,538.12,136.39,Card,Regular,Urban
101110,2023-11-28,Household,Detergent,8,252.46,0,2019.68,567.68,UPI,Regular,Urban
101111,2023-06-22,Dairy,Milk,15,52.2,5,743.85,135.3,Cash,New,Semi-Urban
101112,2023-05-10,Snacks,Chocolate,3,283.98,10,766.75,222.83,UPI,Regular,Semi-Urban
101113,2023-04-05,Snacks,Chocolate,15,256.36,0,3845.4,1050.12,Card,Regular,Urban
101114,2023-04-25,Fruits,Banana,13,80.77,0,1050.01,167.27,Cash,Regular,Rural
101115,2023-08-31,Dairy,Milk,9,-100.0,0,2039.49,268.92,Card,Member,Rural
101116,2023-10-19,Vegetables,Tomato,2,173.71,15,295.31,55.25,UPI,Member,Rural
101117,2023-10-09,Snacks,Chocolate,8,265.7,0,2125.6,383.42,Card,Regular,Urban
101118,2023-10-26,Snacks,Chocolate,17,296.97,5,4796.07,1031.84,Card,New,Semi-Urban
101119,2023-10-10,Fruits,Orange,13,14.16,0,184.08,39.89,Card,New,Semi-Urban
101120,2023-03-10,Beverages,Juice,1,382.89,0,382.89,95.72,Cash,Member,Rural
101121,2023-05-28,Vegetables,Potato,2,359.38,5,682.82,137.92,Card,New,Rural
101122,2023-01-11,Household,Detergent,15,,0,2842.2,343.81,Cash,Regular,Semi-Urban
101123,2023-09-11,Dairy,Milk,12,35.94,5,409.72,111.3,UPI,New,Rural
101124,2023-11-26,Snacks,Nuts,14,379.92,10,4786.99,775.27,UPI,Member,Rural
101125,2023-12-26,Snacks,Biscuits,2,478.04,10,860.47,253.2,Card,Member,Semi-Urban
101126,2023-02-07,Household,Cleaner,18,127.67,0,2298.06,283.98,Cash,Regular,Rural
101127,2023-05-14,Vegetables,Carrot,7,168.53,15,1002.75,292.45,UPI,Member,Rural
101128,2023-07-19,Beverages,Coffee,6,100.07,5,570.4,67.42,Cash,Member,Urban
101129,2023-01-23,Snacks,Biscuits,14,292.7,15,3483.13,509.26,Cash,Member,Rural
101130,2023-10-30,Vegetables,Carrot,8,85.87,0,686.96,75.1,Card,New,Urban
101131,2023-12-12,Household,Tissue,2,184.54,5,350.63,84.51,Card,Member,Semi-Urban
101132,2023-10-29,Fruits,Banana,17,351.54,15,5079.75,1371.84,Cash,New,Urban
101133,2023-12-29,Beverages,Soda,5,284.46,15,1208.96,225.85,Cash,Member,Semi-Urban
101134,2023-08-06,Dairy,Yogurt,14,199.37,0,2791.18,797.45,Card,Member,Urban
101135,2023-05-21,Snacks,Chocolate,3,215.92,0,647.76,141.25,Cash,New,Urban
101136,2023-04-14,Vegetables,Tomato,5,,0,1427.15,322.54,Card,New,Urban
101137,2023-07-29,Fruits,Mango,16,12.87,0,205.92,55.41,Cash,Regular,Rural
101138,2023-04-21,Dairy,Yogurt,18,48.47,0,872.46,139.04,Card,Regular,Rural
101139,2023-04-14,Vegetables,Onion,17,441.82,0,7510.94,1283.27,Cash,New,Rural
101140,2023-11-12,Vegetables,Carrot,11,48.16,15,450.3,126.62,Card,Member,Rural
101141,2023-06-20,Dairy,Yogurt,17,356.33,0,6057.61,1697.3,Cash,Regular,Rural
101142,2023-12-22,Fruits,Apple,16,460.82,5,7004.46,2068.39,UPI,New,Urban
101143,2023-11-20,Household,Soap,2,142.63,0,285.26,79.98,UPI,New,Rural
101144,2023-05-13,Fruits,Apple,4,191.54,0,766.16,96.13,Cash,Member,Semi-Urban
101145,2023-10-20,Beverages,Soda,7,288.77,0,2021.39,535.15,UPI,New,Urban
101146,2023-11-24,Snacks,Biscuits,2,442.04,0,884.08,160.87,,Regular,Urban
101147,2023-05-07,Dairy,Milk,6,471.53,10,2546.26,759.19,Cash,Member,Semi-Urban
101148,2023-04-16,Household,Soap,17,372.39,15,5381.04,1046.38,UPI,New,Rural
101149,2023-04-02,Dairy,Cheese,7,,0,367.08,77.37,Cash,New,Semi-Urban
101150,2023-10-14,Dairy,Butter,5,337.89,0,1689.45,347.95,Card,Member,Urban
101151,2023-02-20,Fruits,Mango,5,211.05,0,1055.25,173.43,Cash,Member,Urban
101152,2023-01-29,Snacks,Nuts,16,240.64,15,3272.7,376.38,Cash,Member,Urban
101153,2023-10-23,Beverages,Juice,19,34.08,10,582.77,162.67,UPI,Regular,Semi-Urban
101154,2023-10-24,Vegetables,Onion,9,103.62,5,885.95,230.82,Card,Regular,Rural
101155,2023-08-02,Vegetables,Potato,5,397.35,5,1887.41,241.41,Cash,New,Urban
101156,2023-09-24,Dairy,Milk,8,232.44,10,1673.57,427.35,Cash,New,Rural
101157,2023-09-14,Snacks,Chocolate,-5,157.81,0,1420.29,319.81,Cash,Member,Urban
101158,2023-10-29,Household,Cleaner,5,198.17,0,990.85,180.17,Cash,New,Rural
101159,2023-04-11,Fruits,Orange,10,428.66,15,3643.61,549.47,Cash,New,Semi-Urban
101160,2023-12-12,Snacks,Biscuits,2,377.01,10,678.62,184.55,Cash,Member,Urban
101161,2023-04-20,Snacks,Biscuits,9,143.43,5,1226.33,294.36,Card,Regular,Urban
101162,2023-07-01,Fruits,Mango,11,67.58,5,706.21,147.99,Card,Regular,Urban
101163,2023-11-09,Dairy,Yogurt,4,133.48,0,533.92,118.48,Cash,Regular,Semi-Urban
101164,2023-01-01,Snacks,Chocolate,2,461.17,5,876.22,103.58,Cash,New,Semi-Urban
101165,2023-11-15,Vegetables,Onion,6,294.98,5,1681.39,327.51,UPI,Member,Rural
101166,2023-02-24,Fruits,Banana,14,271.41,0,3799.74,527.18,Card,Regular,Semi-Urban
101167,2023-05-29,Household,Tissue,1,302.23,10,272.01,38.54,Card,New,Urban
101168,2023-11-05,Beverages,Tea,18,189.35,15,2897.06,672.87,Cash,Member,Rural
101169,2023-05-17,Dairy,Yogurt,7,405.48,0,2838.36,801.13,Card,Regular,Semi-Urban
101170,2023-07-21,Fruits,Mango,1,266.41,0,266.41,48.15,Card,Regular,Rural
101171,2023-11-09,Beverages,Tea,1,67.21,0,67.21,9.51,UPI,Member,Rural
101172,2023-04-27,Beverages,Soda,1,73.24,5,69.58,15.99,UPI,New,Rural
101173,2023-06-03,Household,Cleaner,4,,0,1092.24,299.53,Card,New,Urban
101174,2023-10-18,Snacks,Chocolate,4,468.92,5,1781.9,444.87,Card,Regular,Urban
101175,2023-03-04,Household,Tissue,18,161.09,15,2464.68,674.71,Card,Member,Semi-Urban
101176,2023-09-01,Snacks,Chocolate,11,436.08,0,4796.88,994.45,Cash,New,Urban
101177,2023-01-25,Snacks,Biscuits,1,384.41,15,326.75,81.81,UPI,Member,Rural
101178,2023-03-31,Fruits,Orange,10,131.43,20,1051.44,134.6,Cash,Member,Rural
101179,2023-03-16,Fruits,Banana,9,27.81,0,250.29,42.46,UPI,Regular,Urban
101180,2023-10-21,Dairy,Cheese,4,59.91,0,239.64,42.63,UPI,Member,Rural
101181,2023-07-29,Snacks,Nuts,6,366.96,20,1761.41,356.26,UPI,Member,Urban
101182,2023-12-13,Beverages,Juice,16,107.84,20,1380.35,394.53,Card,Member,Rural
101183,2023-01-17,Vegetables,Tomato,2,191.92,0,383.84,105.5,UPI,New,Semi-Urban
101184,2023-05-08,Dairy,Yogurt,18,255.83,0,4604.94,584.39,Cash,Regular,Semi-Urban
101185,2023-12-30,Fruits,Orange,10,365.48,0,3654.8,491.78,UPI,Regular,Urban
101186,2023-09-08,Household,Tissue,17,65.48,20,890.53,152.75,Cash,Member,Urban
101187,2023-06-28,Dairy,Cheese,13,209.12,0,2718.56,429.94,UPI,Member,Urban
101188,2023-07-01,Dairy,Milk,18,247.69,5,4235.5,944.32,UPI,New,Urban
101189,2023-06-01,Dairy,Yogurt,13,275.01,10,3217.62,902.72,Card,Regular,Urban
101190,2023-01-25,Dairy,Butter,17,411.0,0,6987.0,2043.41,Cash,New,Rural
101191,2023-06-29,Vegetables,Carrot,5,94.12,5,447.07,103.15,UPI,Regular,Semi-Urban
101192,2023-07-17,Household,Soap,11,405.84,0,4464.24,1194.77,UPI,New,Rural
101193,2023-12-10,Household,Tissue,7,349.51,15,2079.58,426.4,Cash,Member,Semi-Urban
101194,2023-06-10,Household,Tissue,10,282.38,0,2823.8,400.03,UPI,New,Rural
101195,2023-06-26,Snacks,Chips,17,352.77,5,5697.24,1167.58,Card,Member,Rural
101196,2023-10-12,Beverages,Soda,15,211.89,5,3019.43,637.15,Cash,Regular,Rural
101197,2023-03-04,Household,Detergent,18,77.81,0,1400.58,348.03,Card,Regular,Urban
101198,2023-05-30,Dairy,Milk,19,-100.0,0,6388.18,919.75,Cash,Member,Semi-Urban
101199,2023-06-03,Dairy,Yogurt,2,267.09,0,534.18,92.77,Cash,Regular,Urban
101200,2023-06-05,Household,Soap,4,323.29,0,1293.16,223.47,Cash,New,Urban
101201,2023-02-18,Household,Detergent,3,-100.0,10,474.17,138.41,UPI,Member,Rural
101202,2023-12-03,Dairy,Butter,7,454.36,10,2862.47,540.4,Cash,Regular,Semi-Urban
101203,2023-03-25,Snacks,Nuts,18,297.81,0,5360.58,1345.61,Cash,New,Semi-Urban
101204,2023-12-27,Fruits,Banana,10,51.85,5,492.58,123.22,Cash,New,Semi-Urban
101205,2023-06-26,Fruits,Mango,7,230.4,5,1532.16,234.59,Card,Regular,Semi-Urban
101206,2023-05-28,Household,Soap,8,380.61,10,2740.39,587.47,Cash,Regular,Urban
101207,2023-04-28,Vegetables,Onion,6,399.13,0,2394.78,667.81,UPI,New,Urban
101208,2023-12-08,Household,Soap,1,252.35,0,252.35,49.22,Cash,Member,Semi-Urban
101209,2023-03-04,Household,Cleaner,4,448.43,0,1793.72,518.43,Cash,Regular,Urban
101210,2023-07-08,Fruits,Mango,14,141.16,5,1877.43,268.27,Card,Regular,Semi-Urban
101211,2023-12-26,Dairy,Yogurt,17,211.19,0,3590.23,412.27,UPI,Member,Urban
101212,2023-02-18,Household,Soap,18,450.31,0,8105.58,2255.71,UPI,Member,Rural
101213,2023-11-23,Dairy,Butter,11,449.17,0,4940.87,1331.74,UPI,Regular,Rural
101214,2023-09-14,Dairy,Butter,14,346.0,10,4359.6,1301.42,Cash,Member,Semi-Urban
101215,2023-08-12,Vegetables,Carrot,9,430.9,0,3878.1,914.76,Cash,New,Semi-Urban
101216,2023-05-21,Dairy,Milk,15,53.5,0,802.5,230.59,UPI,New,Urban
101217,2023-08-03,Fruits,Orange,12,,0,5206.2,1381.67,UPI,New,Semi-Urban
101218,2023-07-30,Snacks,Nuts,10,167.1,0,1671.0,449.31,Card,Regular,Semi-Urban
101219,2023-11-14,Snacks,Biscuits,19,97.38,5,1757.71,375.85,UPI,Member,Urban
101220,2023-02-01,Beverages,Juice,19,127.29,0,2418.51,426.8,Cash,New,Semi-Urban
101221,2023-06-07,Household,Detergent,6,214.8,0,1288.8,369.77,Cash,Member,Semi-Urban
101222,2023-10-12,Fruits,Apple,6,133.08,5,758.56,141.41,Cash,New,Rural
101223,2023-11-01,Dairy,Yogurt,8,167.08,0,1336.64,277.71,Card,Member,Rural
101224,2023-10-13,Snacks,Chocolate,1,76.14,0,76.14,14.41,UPI,New,Rural
101225,2023-05-24,Fruits,Orange,17,155.13,15,2241.63,477.39,Cash,New,Semi-Urban
101226,2023-01-19,Snacks,Chocolate,17,290.42,0,4937.14,958.3,Card,New,Urban
101227,2023-01-18,Dairy,Milk,15,226.51,0,3397.65,372.36,Card,New,Rural
101228,2023-09-14,Snacks,Nuts,7,179.89,0,1259.23,348.06,Cash,New,Semi-Urban
101229,2023-03-19,Household,Detergent,19,375.76,0,7139.44,1348.49,,New,Rural
101230,2023-06-24,Household,Tissue,3,447.82,5,1276.29,277.96,Card,New,Urban
101231,2023-07-13,Beverages,Soda,11,380.83,5,3979.67,508.75,Cash,New,Urban
101232,2023-04-23,Beverages,Juice,19,172.68,10,2952.83,297.28,Card,New,Urban
101233,2023-04-24,Snacks,Chips,9,374.78,0,3373.02,502.78,Cash,Member,Urban
101234,2023-08-10,Fruits,Banana,10,84.47,0,844.7,203.5,Cash,Member,Urban
101235,2023-06-15,Household,Detergent,2,73.86,10,132.95,15.93,Card,Regular,Urban
101236,2023-11-15,Fruits,Banana,1,179.36,15,152.46,42.96,Cash,New,Semi-Urban
101237,2023-05-12,Fruits,Mango,16,405.77,0,6492.32,928.43,Cash,Member,Rural
101238,2023-09-21,Snacks,Biscuits,18,130.71,0,2352.78,331.55,UPI,Member,Urban
101239,2023-02-24,Fruits,Apple,17,40.99,0,696.83,94.98,Cash,Member,Rural
101240,2023-12-25,Household,Soap,6,74.54,0,447.24,45.97,,Member,Rural
101241,2023-05-11,Dairy,Butter,14,430.79,0,6031.06,1534.07,UPI,Member,Semi-Urban
101242,2023-10-15,Beverages,Soda,15,320.55,0,4808.25,1322.3,UPI,Member,Urban
101243,2023-09-23,Dairy,Yogurt,14,134.07,10,1689.28,376.43,UPI,Regular,Urban
101244,2023-06-11,Fruits,Mango,3,282.09,5,803.96,110.66,Card,Member,Semi-Urban
101245,2023-03-28,Dairy,Yogurt,-5,268.51,0,5101.69,801.25,Card,Regular,Semi-Urban
101246,2023-02-24,Household,Cleaner,12,331.16,0,3973.92,775.65,Cash,Regular,Semi-Urban
101247,2023-10-15,Household,Soap,2,124.26,10,223.67,65.06,Cash,New,Semi-Urban
101248,2023-06-27,Fruits,Mango,3,433.56,0,1300.68,194.41,Cash,New,Semi-Urban
101249,2023-12-15,Snacks,Chips,18,161.59,5,2763.19,680.65,Card,New,Rural
101250,2023-01-08,Dairy,Butter,1,350.12,0,350.12,65.78,UPI,Member,Semi-Urban
101251,2023-11-17,Snacks,Biscuits,6,17.9,5,102.03,16.28,Card,New,Urban
101252,2023-11-09,Snacks,Biscuits,5,192.6,0,963.0,184.11,Card,Member,Urban
101253,2023-09-04,Vegetables,Potato,1,182.34,0,182.34,20.83,Cash,Member,Semi-Urban
101254,2023-11-19,Fruits,Mango,19,276.31,0,5249.89,1363.59,Cash,New,Semi-Urban
101255,2023-09-12,Beverages,Soda,1,45.64,0,45.64,6.78,Cash,New,Semi-Urban
101256,2023-11-24,Household,Tissue,16,397.16,0,6354.56,1557.39,UPI,Regular,Semi-Urban
101257,2023-02-23,Household,Cleaner,12,116.71,5,1330.49,151.24,UPI,Regular,Semi-Urban
101258,2023-09-06,Fruits,Orange,8,341.75,0,2734.0,795.65,Card,Member,Urban
101259,2023-08-27,Beverages,Coffee,16,403.57,0,6457.12,894.98,UPI,Member,Rural
101260,2023-08-17,Household,Soap,1,285.32,5,271.05,74.96,Cash,New,Semi-Urban
101261,2023-03-08,Fruits,Banana,4,373.03,5,1417.51,371.24,UPI,New,Semi-Urban
101262,2023-02-20,Household,Detergent,10,334.31,20,2674.48,785.15,UPI,Regular,Semi-Urban
101263,2023-04-07,Snacks,Biscuits,11,184.21,5,1924.99,376.49,UPI,New,Urban
101264,2023-04-02,Dairy,Yogurt,17,,0,6907.78,1695.72,UPI,Member,Urban
101265,2023-09-21,Dairy,Butter,7,154.4,5,1026.76,178.8,Cash,New,Rural
101266,2023-10-18,Household,Detergent,12,289.89,15,2956.88,404.72,Cash,Regular,Rural
101267,2023-04-06,Vegetables,Onion,7,375.24,10,2364.01,445.89,Card,Member,Rural
101268,2023-03-29,Beverages,Soda,12,195.69,0,2348.28,312.67,Card,Regular,Rural
101269,2023-03-19,Beverages,Soda,15,158.36,0,2375.4,704.09,Card,Regular,Urban
101270,2023-10-15,Beverages,Coffee,2,,0,470.16,56.07,UPI,Member,Rural
101271,2023-04-30,Snacks,Chips,14,410.8,5,5463.64,1190.21,UPI,Regular,Semi-Urban
101272,2023-10-29,Beverages,Coffee,13,465.66,10,5448.22,1227.45,Cash,New,Urban
101273,2023-06-14,Dairy,Cheese,4,277.09,5,1052.94,218.61,Card,New,Urban
101274,2023-07-01,Snacks,Biscuits,14,334.12,0,4677.68,1087.27,Cash,Regular,Urban
101275,2023-08-11,Fruits,Apple,14,452.6,10,5702.76,702.79,Card,New,Semi-Urban
101276,2023-11-07,Beverages,Tea,16,58.29,10,839.38,177.11,Card,Regular,Urban
101277,2023-01-07,Beverages,Tea,7,123.72,0,866.04,136.35,Card,New,Semi-Urban
101278,2023-11-26,Fruits,Banana,19,357.36,5,6450.35,1857.93,UPI,Regular,Rural
101279,2023-09-20,Beverages,Tea,2,413.63,0,827.26,208.81,Card,New,Urban
101280,2023-06-10,Fruits,Banana,10,429.94,15,3654.49,1076.26,Card,Member,Semi-Urban
101281,2023-05-31,Snacks,Chips,18,213.4,10,3457.08,371.67,UPI,Member,Urban
101282,2023-03-26,Dairy,Milk,17,53.78,5,868.55,136.39,Card,New,Rural
101283,2023-05-27,Fruits,Banana,5,224.51,5,1066.42,148.32,UPI,Regular,Urban
101284,2023-04-22,Vegetables,Tomato,12,123.06,15,1255.21,128.32,UPI,New,Rural
101285,2023-02-05,Fruits,Mango,6,152.69,0,916.14,136.01,Cash,Regular,Urban
101286,2023-10-12,Beverages,Coffee,9,388.41,0,3495.69,824.13,UPI,New,Semi-Urban
101287,2023-07-07,Snacks,Chips,1,47.01,10,42.31,6.19,UPI,New,Rural
101288,2023-03-23,Household,Detergent,15,415.51,0,6232.65,1257.75,UPI,Member,Urban
101289,2023-01-02,Snacks,Biscuits,6,219.56,0,1317.36,365.65,Card,Regular,Rural
101290,2023-10-30,Household,Soap,19,302.07,15,4878.43,1164.73,Cash,Regular,Rural
101291,2023-07-16,Fruits,Orange,18,53.93,10,873.67,156.32,Card,Regular,Semi-Urban
101292,2023-01-11,Dairy,Yogurt,6,175.31,0,1051.86,183.54,UPI,Regular,Semi-Urban
101293,2023-08-22,Vegetables,Onion,13,53.95,0,701.35,134.06,UPI,Regular,Semi-Urban
101294,2023-07-14,Snacks,Biscuits,1,481.16,0,481.16,65.15,Cash,Member,Semi-Urban
101295,2023-04-29,Beverages,Soda,13,405.56,0,5272.28,1195.75,Cash,New,Rural
101296,2023-01-20,Household,Cleaner,7,235.22,0,1646.54,284.57,UPI,Regular,Rural
101297,2023-09-18,Beverages,Juice,15,119.57,10,1614.2,436.6,UPI,Regular,Urban
101298,2023-10-20,Dairy,Butter,12,467.39,0,5608.68,1409.52,,New,Urban
101299,2023-09-13,Household,Cleaner,1,178.85,0,178.85,39.72,UPI,Member,Urban
101300,2023-08-10,Snacks,Nuts,15,88.88,0,1333.2,230.43,Card,Member,Semi-Urban
101301,2023-08-14,Fruits,Mango,4,285.95,20,915.04,129.92,Cash,Member,Rural
101302,2023-02-22,Beverages,Tea,13,472.45,0,6141.85,1567.59,Card,New,Rural
101303,2023-12-21,Dairy,Butter,5,11.88,0,59.4,11.72,UPI,New,Urban
101304,2023-12-08,Snacks,Biscuits,2,126.68,0,253.36,36.72,Card,Member,Urban
101305,2023-12-30,Snacks,Nuts,1,469.84,5,446.35,62.06,Card,Member,Rural
101306,2023-10-07,Snacks,Nuts,16,93.83,5,1426.22,189.8,Cash,New,Semi-Urban
101307,2023-03-22,Snacks,Biscuits,6,65.49,0,392.94,100.37,Card,Member,Urban
101308,2023-07-21,Household,Soap,16,289.39,0,4630.24,675.08,UPI,Regular,Urban
101309,2023-06-07,Snacks,Nuts,14,432.3,0,6052.2,1242.69,Card,New,Rural
101310,2023-04-30,Beverages,Coffee,3,243.78,5,694.77,132.22,Card,Member,Rural
101311,2023-02-28,Dairy,Milk,15,497.34,5,7087.09,1530.26,Card,Regular,Urban
101312,2023-08-03,Household,Tissue,3,342.79,0,1028.37,283.24,UPI,New,Urban
101313,2023-05-08,Snacks,Nuts,2,46.3,0,92.6,25.33,Card,New,Semi-Urban
101314,2023-08-12,Vegetables,Tomato,1,496.49,0,496.49,94.44,UPI,Regular,Semi-Urban
101315,2023-07-28,Vegetables,Tomato,9,209.87,0,1888.83,194.69,,New,Semi-Urban
101316,2023-04-25,Dairy,Butter,9,150.83,5,1289.6,238.95,Cash,Member,Semi-Urban
101317,2023-07-28,Fruits,Banana,7,283.36,0,1983.52,438.83,Cash,New,Urban
101318,2023-01-14,Fruits,Banana,3,159.11,0,477.33,100.98,Cash,Member,Urban
101319,2023-01-09,Household,Soap,18,52.36,0,942.48,217.02,UPI,Regular,Urban
101320,2023-02-09,Household,Soap,11,10.7,20,94.16,12.32,UPI,Regular,Semi-Urban
101321,2023-08-25,Household,Tissue,7,230.3,15,1370.28,314.22,UPI,New,Urban
101322,2023-10-08,Fruits,Orange,9,420.06,0,3780.54,516.16,Card,Regular,Rural
101323,2023-12-25,Vegetables,Onion,1,290.43,0,290.43,72.64,UPI,Regular,Semi-Urban
101324,2023-07-20,Fruits,Apple,14,499.61,0,6994.54,1173.81,UPI,New,Rural
101325,2023-09-03,Beverages,Coffee,6,150.55,0,903.3,218.58,UPI,Member,Semi-Urban
101326,2023-10-05,Snacks,Nuts,7,147.42,0,1031.94,113.07,UPI,New,Urban
101327,2023-08-23,Household,Detergent,10,88.28,5,838.66,152.28,Cash,New,Semi-Urban
101328,2023-01-04,Vegetables,Potato,7,90.39,5,601.09,144.87,Card,Member,Rural
101329,2023-06-03,Dairy,Yogurt,2,149.74,15,254.56,37.01,Cash,Member,Semi-Urban
101330,2023-01-29,Dairy,Cheese,4,398.49,0,1593.96,412.93,Card,Member,Rural
101331,2023-04-19,Snacks,Chips,17,453.82,10,6943.45,1570.3,Card,New,Urban
101332,2023-04-08,Vegetables,Carrot,1,487.79,10,439.01,95.49,Cash,Member,Rural
101333,2023-08-03,Fruits,Banana,-5,123.82,0,1238.2,211.37,UPI,Regular,Urban
101334,2023-10-20,Fruits,Orange,19,441.84,0,8394.96,1649.53,Cash,Member,Rural
101335,2023-03-16,Beverages,Coffee,15,-100.0,0,2562.6,562.41,Card,Regular,Urban
101336,2023-11-22,Beverages,Coffee,10,,0,652.9,126.98,Card,Member,Rural
101337,2023-05-26,Fruits,Orange,19,436.31,0,8289.89,1986.78,UPI,Regular,Urban
101338,2023-05-08,Dairy,Milk,12,321.69,5,3667.27,684.82,Cash,Regular,Urban
101339,2023-12-07,Household,Cleaner,16,90.72,0,1451.52,203.87,Card,Regular,Urban
101340,2023-02-11,Dairy,Yogurt,9,220.62,15,1687.74,240.99,Cash,Regular,Rural
101341,2023-12-22,Beverages,Juice,15,150.76,0,2261.4,228.76,UPI,Regular,Rural
101342,2023-02-10,Snacks,Biscuits,17,371.03,20,5046.01,808.33,UPI,Member,Urban
101343,2023-02-03,Fruits,Banana,14,232.17,0,3250.38,811.89,Card,New,Semi-Urban
101344,2023-01-17,Beverages,Soda,18,,10,8014.95,2074.53,UPI,New,Urban
101345,2023-06-14,Beverages,Coffee,2,36.83,0,73.66,10.35,Card,New,Semi-Urban
101346,2023-06-02,Household,Cleaner,4,183.96,0,735.84,214.72,Card,New,Urban
101347,2023-03-17,Fruits,Apple,18,246.13,15,3765.79,754.97,UPI,New,Rural
101348,2023-03-28,Household,Detergent,7,256.54,0,1795.78,508.92,UPI,Regular,Semi-Urban
101349,2023-04-27,Fruits,Apple,13,164.81,5,2035.4,491.25,Cash,Member,Rural
101350,2023-12-28,Household,Tissue,15,367.33,5,5234.45,1279.75,Cash,Regular,Semi-Urban
101351,2023-12-08,Dairy,Cheese,1,438.63,0,438.63,51.32,Card,Member,Semi-Urban
101352,2023-01-27,Snacks,Nuts,11,469.97,0,5169.67,744.42,Cash,Member,Semi-Urban
101353,2023-11-09,Snacks,Chocolate,10,404.5,10,3640.5,370.47,Card,Member,Semi-Urban
101354,2023-10-14,Fruits,Mango,5,426.78,0,2133.9,519.02,UPI,Member,Rural
101355,2023-05-14,Vegetables,Carrot,16,279.77,5,4252.5,718.2,UPI,New,Semi-Urban
101356,2023-08-07,Beverages,Tea,11,,15,3877.35,997.76,Cash,Member,Urban
101357,2023-06-17,Beverages,Juice,6,158.72,0,952.32,159.79,Card,Member,Urban
101358,2023-04-08,Fruits,Orange,9,205.25,0,1847.25,487.43,Card,New,Semi-Urban
101359,2023-09-25,Household,Cleaner,13,165.29,10,1933.89,243.94,Cash,Regular,Rural
101360,2023-08-25,Vegetables,Carrot,8,239.02,0,1912.16,257.52,Card,Regular,Rural
101361,2023-11-05,Dairy,Milk,14,149.93,0,2099.02,353.0,Card,Regular,Semi-Urban
101362,2023-06-22,Household,Detergent,1,481.19,0,481.19,87.43,UPI,Regular,Rural
101363,2023-07-09,Household,Cleaner,17,163.29,5,2637.13,447.63,Card,Member,Rural
101364,2023-05-02,Fruits,Apple,5,58.04,0,290.2,73.34,Card,New,Rural
101365,2023-02-15,Fruits,Orange,2,268.14,0,536.28,64.03,Card,New,Semi-Urban
101366,2023-03-05,Beverages,Tea,9,37.98,10,307.64,52.37,Cash,Regular,Urban
101367,2023-05-10,Fruits,Orange,4,64.17,0,256.68,68.65,Cash,New,Urban
101368,2023-11-06,Fruits,Orange,17,117.5,0,1997.5,226.44,Cash,Member,Urban
101369,2023-12-29,Fruits,Mango,17,,20,3230.41,931.87,Card,Regular,Urban
101370,2023-07-12,Beverages,Juice,18,222.29,5,3801.16,1129.95,Card,Member,Urban
101371,2023-11-03,Dairy,Milk,16,401.85,10,5786.64,681.17,Cash,Member,Rural
101372,2023-06-30,Dairy,Milk,8,372.34,0,2978.72,471.4,Cash,Member,Rural
101373,2023-10-19,Fruits,Orange,11,,10,2167.11,378.12,Card,Member,Rural
101374,2023-10-09,Beverages,Coffee,18,173.52,0,3123.36,797.33,Card,Member,Semi-Urban
101375,2023-01-29,Dairy,Butter,10,165.07,0,1650.7,361.81,UPI,Regular,Rural
101376,2023-05-29,Household,Cleaner,13,389.26,0,5060.38,1158.19,Cash,Member,Urban
101377,2023-09-24,Dairy,Milk,17,35.52,0,603.84,151.87,Card,Regular,Rural
101378,2023-10-23,Dairy,Butter,18,16.28,10,263.74,32.6,Cash,New,Urban
101379,2023-01-11,Beverages,Soda,10,399.82,0,3998.2,1066.09,Cash,Member,Rural
101380,2023-06-13,Household,Cleaner,16,243.8,5,3705.76,893.55,Cash,Member,Urban
101381,2023-04-23,Beverages,Soda,5,74.13,10,333.58,71.88,UPI,New,Rural
101382,2023-07-06,Fruits,Orange,13,125.43,5,1549.06,430.56,Card,Regular,Urban
101383,2023-10-22,Snacks,Nuts,18,466.93,0,8404.74,2017.65,Card,Member,Urban
101384,2023-08-20,Dairy,Yogurt,17,431.16,5,6963.23,977.22,Cash,New,Semi-Urban
101385,2023-08-15,Snacks,Chips,9,357.79,0,3220.11,598.78,Card,New,Rural
101386,2023-11-06,Beverages,Tea,14,246.29,0,3448.06,685.5,UPI,Member,Urban
101387,2023-04-08,Beverages,Soda,17,,20,3603.46,400.14,Cash,Regular,Rural
101388,2023-02-24,Beverages,Soda,4,487.87,0,1951.48,567.74,UPI,Regular,Urban
101389,2023-04-21,Snacks,Chocolate,18,483.23,0,8698.14,1093.49,UPI,Member,Semi-Urban
101390,2023-06-01,Beverages,Soda,15,115.48,15,1472.37,352.62,Card,New,Semi-Urban
101391,2023-09-03,Fruits,Mango,11,407.44,0,4481.84,901.95,Card,Member,Semi-Urban
101392,2023-03-10,Beverages,Soda,12,106.65,5,1215.81,127.81,UPI,Regular,Semi-Urban
101393,2023-11-08,Vegetables,Tomato,9,114.63,0,1031.67,293.97,Card,New,Urban
101394,2023-10-16,Snacks,Nuts,13,341.29,0,4436.77,1199.56,UPI,Member,Rural
101395,2023-09-07,Vegetables,Carrot,15,208.45,0,3126.75,640.52,UPI,New,Semi-Urban
101396,2023-02-05,Beverages,Coffee,15,466.46,0,6996.9,1020.07,Cash,Regular,Semi-Urban
101397,2023-08-27,Fruits,Orange,5,53.61,0,268.05,33.33,UPI,Regular,Semi-Urban
101398,2023-05-28,Dairy,Butter,19,,10,4457.12,769.65,UPI,Regular,Rural
101399,2023-08-15,Household,Tissue,14,,5,6119.06,924.5,Card,Member,Urban
101400,2023-09-01,Household,Cleaner,17,453.02,15,6546.14,1317.99,Cash,New,Urban
101401,2023-12-03,Beverages,Soda,18,86.7,0,1560.6,457.7,Card,Member,Urban
101402,2023-12-31,Fruits,Orange,3,189.65,5,540.5,116.2,Cash,Member,Urban
101403,2023-07-20,Snacks,Chocolate,2,313.37,5,595.4,165.51,Card,Member,Rural
101404,2023-06-03,Vegetables,Carrot,1,88.1,15,74.88,17.24,UPI,Member,Rural
101405,2023-03-14,Vegetables,Tomato,10,484.33,0,4843.3,944.68,Cash,New,Rural
101406,2023-07-20,Vegetables,Tomato,19,458.23,5,8271.05,2240.81,Cash,New,Semi-Urban
101407,2023-10-23,Snacks,Chips,17,91.81,15,1326.65,257.73,Cash,Member,Rural
101408,2023-01-17,Household,Detergent,12,69.37,0,832.44,227.86,Cash,Member,Urban
101409,2023-05-09,Fruits,Orange,1,51.85,15,44.07,6.98,Card,Regular,Rural
101410,2023-08-05,Snacks,Chips,12,455.63,0,5467.56,687.61,Card,Regular,Semi-Urban
101411,2023-03-02,Vegetables,Carrot,17,104.88,10,1604.66,434.96,Cash,New,Urban
101412,2023-04-14,Beverages,Juice,3,213.98,15,545.65,118.67,Cash,Regular,Rural
101413,2023-02-11,Dairy,Milk,11,229.94,5,2402.87,667.56,Cash,New,Urban
101414,2023-01-25,Snacks,Chocolate,17,303.52,0,5159.84,1483.79,Card,New,Urban
101415,2023-02-08,Snacks,Chocolate,3,45.15,0,135.45,15.0,Cash,New,Rural
101416,2023-10-18,Fruits,Orange,8,121.11,15,823.55,164.87,Cash,Regular,Rural
101417,2023-05-11,Fruits,Banana,4,466.43,0,1865.72,326.49,Cash,Regular,Semi-Urban
101418,2023-08-17,Snacks,Biscuits,7,-100.0,0,3185.84,717.36,Card,New,Rural
101419,2023-04-18,Vegetables,Tomato,14,392.83,5,5224.64,1351.71,UPI,New,Rural
101420,2023-06-21,Dairy,Butter,14,19.51,0,273.14,42.64,UPI,Member,Rural
101421,2023-04-12,Fruits,Apple,4,170.23,0,680.92,143.92,Card,New,Urban
101422,2023-12-20,Vegetables,Carrot,16,317.7,0,5083.2,1228.84,UPI,New,Semi-Urban
101423,2023-01-12,Beverages,Coffee,1,144.84,0,144.84,18.38,Cash,Member,Urban
101424,2023-10-02,Fruits,Orange,17,455.7,5,7359.55,1934.19,Cash,New,Rural
101425,2023-04-11,Vegetables,Onion,10,320.61,5,3045.8,673.8,Card,New,Semi-Urban
101426,2023-02-13,Vegetables,Carrot,16,45.23,5,687.5,199.31,Card,New,Rural
101427,2023-11-01,Dairy,Butter,16,455.41,10,6557.9,1101.11,UPI,Member,Urban
101428,2023-01-17,Dairy,Cheese,8,479.31,15,3259.31,396.43,UPI,Regular,Urban
101429,2023-11-26,Beverages,Soda,7,48.08,5,319.73,64.36,Cash,New,Rural
101430,2023-02-26,Vegetables,Onion,6,270.86,0,1625.16,190.41,Card,Member,Semi-Urban
101431,2023-11-07,Household,Tissue,16,158.65,5,2411.48,708.75,UPI,New,Urban
101432,2023-10-30,Vegetables,Tomato,16,202.49,0,3239.84,349.05,UPI,Member,Rural
101433,2023-01-12,Dairy,Butter,7,98.03,5,651.9,163.43,Cash,New,Rural
101434,2023-11-14,Household,Cleaner,9,293.26,5,2507.37,514.06,Cash,Member,Rural
101435,2023-03-21,Fruits,Apple,14,479.41,0,6711.74,1165.99,Cash,Regular,Semi-Urban
101436,2023-08-04,Fruits,Orange,11,256.51,15,2398.37,271.42,Cash,Regular,Rural
101437,2023-12-05,Snacks,Chips,14,50.63,0,708.82,159.08,UPI,Regular,Rural
101438,2023-09-21,Dairy,Yogurt,7,313.8,5,2086.77,452.92,Card,New,Urban
101439,2023-05-29,Snacks,Biscuits,1,176.71,0,176.71,27.6,Card,Member,Rural
101440,2023-03-22,Household,Tissue,13,429.4,15,4744.87,1338.26,Cash,New,Semi-Urban
101441,2023-08-03,Dairy,Cheese,3,222.99,0,668.97,107.59,Cash,New,Rural
101442,2023-07-17,Beverages,Juice,4,104.49,0,417.96,79.39,UPI,Member,Semi-Urban
101443,2023-07-19,Vegetables,Potato,11,103.64,0,1140.04,237.99,Cash,New,Rural
101444,2023-01-25,Beverages,Coffee,2,386.69,0,773.38,92.84,Card,Member,Rural
101445,2023-03-30,Household,Detergent,14,140.14,0,1961.96,561.97,Cash,Member,Rural
101446,2023-09-25,Dairy,Milk,12,385.94,5,4399.72,769.54,Card,Regular,Semi-Urban
101447,2023-05-23,Household,Detergent,17,110.88,0,1884.96,218.95,Cash,Regular,Urban
101448,2023-02-28,Vegetables,Onion,12,167.63,0,2011.56,356.97,Cash,Regular,Semi-Urban
101449,2023-12-31,Fruits,Mango,12,238.09,0,2857.08,628.67,Card,Member,Urban
101450,2023-01-26,Fruits,Orange,1,472.17,10,424.95,86.15,UPI,Regular,Semi-Urban
101451,2023-02-16,Household,Soap,13,466.55,5,5761.89,1376.56,UPI,Member,Rural
101452,2023-10-15,Snacks,Biscuits,14,111.37,10,1403.26,155.9,Cash,New,Rural
101453,2023-09-23,Dairy,Butter,2,185.53,5,352.51,55.31,Cash,Regular,Urban
101454,2023-01-16,Dairy,Butter,12,83.21,0,998.52,263.46,Card,Member,Urban
101455,2023-07-18,Fruits,Banana,16,259.89,0,4158.24,482.27,Card,Member,Semi-Urban
101456,2023-10-09,Beverages,Soda,4,,0,942.76,255.58,Cash,Member,Semi-Urban
101457,2023-03-27,Vegetables,Carrot,8,451.37,10,3249.86,384.72,Card,Member,Urban
101458,2023-09-07,Beverages,Tea,2,465.7,20,745.12,198.87,UPI,Regular,Urban
101459,2023-09-27,Beverages,Tea,-5,197.95,0,1979.5,340.79,UPI,Regular,Semi-Urban
101460,2023-12-01,Household,Soap,9,250.95,0,2258.55,502.4,Card,Regular,Urban
101461,2023-04-27,Fruits,Mango,15,449.16,0,6737.4,879.75,Card,Member,Urban
101462,2023-01-07,Fruits,Apple,13,405.29,0,5268.77,596.6,Card,New,Urban
101463,2023-05-17,Fruits,Orange,17,11.79,5,190.41,27.26,UPI,Member,Urban
101464,2023-06-25,Household,Soap,16,166.83,0,2669.28,335.18,Cash,New,Rural
101465,2023-11-24,Snacks,Chocolate,2,216.67,15,368.34,59.85,Card,Regular,Rural
101466,2023-11-11,Beverages,Tea,14,122.56,0,1715.84,348.1,Card,Member,Urban
101467,2023-08-03,Household,Soap,3,107.79,15,274.86,59.85,Card,Member,Semi-Urban
101468,2023-03-23,Dairy,Milk,12,28.51,10,307.91,79.43,Cash,Regular,Rural
101469,2023-08-11,Vegetables,Potato,8,325.25,10,2341.8,541.54,Card,Member,Semi-Urban
101470,2023-04-13,Snacks,Biscuits,2,138.63,5,263.4,58.41,Card,New,Semi-Urban
101471,2023-09-30,Dairy,Cheese,4,35.65,5,135.47,24.7,UPI,New,Rural
101472,2023-01-14,Beverages,Tea,14,123.18,5,1638.29,319.08,Card,New,Semi-Urban
101473,2023-06-08,Fruits,Apple,16,402.94,5,6124.69,1120.23,UPI,Member,Semi-Urban
101474,2023-06-01,Beverages,Coffee,19,427.23,5,7711.5,2070.02,Cash,Member,Urban
101475,2023-04-18,Household,Cleaner,2,246.7,20,394.72,57.63,Card,New,Urban
101476,2023-07-07,Vegetables,Carrot,12,213.87,10,2309.8,233.62,Card,Member,Urban
101477,2023-10-28,Household,Soap,14,489.15,10,6163.29,1419.18,UPI,New,Rural
101478,2023-04-08,Snacks,Chocolate,6,108.28,15,552.23,77.58,Cash,Regular,Urban
101479,2023-05-11,Snacks,Nuts,13,115.53,0,1501.89,417.56,Cash,New,Semi-Urban
101480,2023-10-20,Vegetables,Carrot,4,153.01,0,612.04,166.36,UPI,Regular,Semi-Urban
101481,2023-06-20,Dairy,Cheese,18,94.65,0,1703.7,196.51,Cash,Regular,Semi-Urban
101482,2023-07-02,Dairy,Cheese,12,195.89,5,2233.15,270.83,Cash,Regular,Semi-Urban
101483,2023-12-30,Snacks,Biscuits,19,456.31,10,7802.9,1553.05,Cash,New,Semi-Urban
101484,2023-02-08,Snacks,Chocolate,8,311.52,0,2492.16,552.87,Cash,New,Rural
101485,2023-01-15,Fruits,Apple,7,211.85,5,1408.8,218.34,Cash,Member,Semi-Urban
101486,2023-01-04,Dairy,Milk,16,467.86,5,7111.47,1730.64,Cash,Member,Rural
101487,2023-12-15,Vegetables,Potato,19,33.75,0,641.25,140.42,Cash,Regular,Semi-Urban
101488,2023-07-29,Dairy,Cheese,6,113.04,5,644.33,106.29,Cash,New,Rural
101489,2023-06-10,Fruits,Banana,11,287.29,10,2844.17,298.85,Card,Member,Rural
101490,2023-01-16,Household,Tissue,5,311.62,0,1558.1,389.57,UPI,Member,Semi-Urban
101491,2023-04-18,Snacks,Biscuits,16,29.38,5,446.58,63.84,Cash,Member,Semi-Urban
101492,2023-11-07,Snacks,Nuts,7,207.49,5,1379.81,368.26,UPI,New,Semi-Urban
101493,2023-08-15,Fruits,Apple,5,328.09,0,1640.45,301.94,Cash,Member,Semi-Urban
101494,2023-06-19,Vegetables,Onion,11,352.05,0,3872.55,834.21,Cash,Regular,Urban
101495,2023-02-03,Snacks,Chocolate,15,322.69,20,3872.28,1063.29,Card,New,Urban
101496,2023-09-08,Beverages,Tea,3,167.08,0,501.24,136.7,UPI,Member,Rural
101497,2023-09-04,Snacks,Chocolate,5,55.82,0,279.1,48.65,UPI,Member,Rural
101498,2023-09-26,Beverages,Coffee,5,219.29,0,1096.45,155.45,,New,Urban
101499,2023-05-21,Fruits,Mango,9,73.09,5,624.92,159.37,Card,Member,Rural
101500,2023-10-01,Fruits,Banana,15,474.34,5,6759.34,1261.4,UPI,Member,Semi-Urban
101501,2023-04-06,Snacks,Nuts,3,242.83,5,692.07,95.79,Cash,Regular,Rural
101502,2023-08-15,Dairy,Cheese,6,165.46,0,992.76,278.85,Cash,New,Rural
101503,2023-02-08,Beverages,Soda,17,,15,5570.33,777.73,UPI,Member,Rural
101504,2023-10-29,Vegetables,Onion,8,253.99,0,2031.92,213.68,Cash,New,Urban
101505,2023-01-29,Snacks,Nuts,11,161.92,0,1781.12,185.34,Card,New,Urban
101506,2023-11-14,Vegetables,Carrot,6,407.86,0,2447.16,549.3,Card,Regular,Rural
101507,2023-09-02,Snacks,Biscuits,8,434.9,0,3479.2,808.34,Card,Regular,Semi-Urban
101508,2023-08-24,Dairy,Cheese,10,339.77,15,2888.04,468.46,UPI,New,Rural
101509,2023-07-04,Dairy,Milk,3,33.01,15,84.18,13.8,UPI,Regular,Urban
101510,2023-09-29,Dairy,Milk,14,287.5,0,4025.0,675.79,UPI,Regular,Semi-Urban
101511,2023-08-24,Household,Detergent,14,384.01,15,4569.72,1078.6,Cash,Member,Rural
101512,2023-08-27,Dairy,Milk,10,76.89,10,692.01,77.25,UPI,Regular,Urban
101513,2023-09-23,Fruits,Apple,12,122.05,15,1244.91,355.82,UPI,Regular,Semi-Urban
101514,2023-12-25,Fruits,Banana,6,442.42,0,2654.52,383.59,Card,Member,Rural
101515,2023-12-06,Household,Detergent,12,19.86,5,226.4,67.91,Cash,Member,Urban
101516,2023-03-06,Beverages,Coffee,14,378.84,0,5303.76,712.32,Cash,New,Semi-Urban
101517,2023-06-26,Vegetables,Potato,2,242.15,10,435.87,110.85,Card,Regular,Rural
101518,2023-01-03,Snacks,Biscuits,9,228.92,0,2060.28,298.09,Cash,Member,Semi-Urban
101519,2023-05-22,Snacks,Chocolate,10,13.48,5,128.06,14.88,UPI,Regular,Semi-Urban
101520,2023-06-07,Household,Tissue,17,411.51,0,6995.67,1923.72,Cash,New,Semi-Urban
101521,2023-11-20,Fruits,Mango,17,186.31,0,3167.27,860.71,Card,Regular,Urban
101522,2023-05-26,Snacks,Nuts,3,274.98,5,783.69,141.62,,Regular,Rural
101523,2023-10-20,Fruits,Orange,19,341.88,15,5521.36,1327.77,Card,Regular,Semi-Urban
101524,2023-06-02,Beverages,Soda,1,354.29,5,336.58,71.16,UPI,Member,Semi-Urban
101525,2023-07-12,Vegetables,Carrot,12,478.43,15,4879.99,1320.48,UPI,Member,Semi-Urban
101526,2023-03-14,Beverages,Coffee,7,270.36,0,1892.52,308.5,Card,New,Urban
101527,2023-11-01,Household,Soap,4,205.86,5,782.27,160.16,UPI,Regular,Semi-Urban
101528,2023-12-10,Dairy,Yogurt,10,477.31,0,4773.1,940.66,UPI,New,Urban
101529,2023-05-20,Dairy,Cheese,13,324.63,0,4220.19,720.73,Cash,New,Urban
101530,2023-07-06,Dairy,Cheese,2,156.09,5,296.57,82.53,UPI,Member,Semi-Urban
101531,2023-10-20,Beverages,Juice,10,71.97,5,683.72,91.05,Card,Regular,Semi-Urban
101532,2023-03-02,Snacks,Nuts,4,422.85,5,1606.83,208.73,,Regular,Urban
101533,2023-07-17,Vegetables,Carrot,18,187.47,10,3037.01,654.12,Cash,New,Urban
101534,2023-10-22,Dairy,Yogurt,5,333.63,5,1584.74,366.87,Card,Regular,Semi-Urban
101535,2023-11-15,Household,Cleaner,19,240.7,0,4573.3,635.34,UPI,Member,Urban
101536,2023-10-29,Household,Tissue,2,107.48,0,214.96,38.29,UPI,New,Urban
101537,2023-12-10,Dairy,Cheese,12,304.83,5,3475.06,1005.38,UPI,New,Semi-Urban
101538,2023-01-11,Dairy,Cheese,17,39.73,0,675.41,100.85,Card,Member,Semi-Urban
101539,2023-03-03,Vegetables,Onion,10,212.54,0,2125.4,496.65,Cash,Member,Rural
101540,2023-11-29,Dairy,Butter,2,277.84,0,555.68,137.83,Card,Member,Semi-Urban
101541,2023-08-14,Vegetables,Carrot,6,223.66,5,1274.86,241.75,Card,Member,Semi-Urban
101542,2023-06-02,Household,Soap,8,376.85,0,3014.8,866.77,Cash,Member,Semi-Urban
101543,2023-07-18,Dairy,Butter,19,415.68,10,7108.13,1758.06,Card,Member,Rural
101544,2023-02-21,Beverages,Tea,11,387.91,5,4053.66,776.62,Card,New,Urban
101545,2023-09-17,Beverages,Coffee,12,29.02,0,348.24,74.48,UPI,Regular,Semi-Urban
101546,2023-02-28,Household,Tissue,9,105.12,10,851.47,203.1,Card,Regular,Semi-Urban
101547,2023-03-13,Vegetables,Onion,2,272.94,5,518.59,113.28,UPI,New,Rural
101548,2023-05-28,Beverages,Juice,8,468.06,5,3557.26,980.88,Card,Regular,Rural
101549,2023-12-15,Vegetables,Onion,11,419.13,5,4379.91,750.62,,Regular,Rural
101550,2023-03-04,Beverages,Coffee,4,422.84,0,1691.36,270.58,UPI,New,Urban
101551,2023-11-06,Beverages,Coffee,10,-100.0,5,1506.41,215.07,UPI,Regular,Rural
101552,2023-08-31,Vegetables,Onion,16,,0,3526.88,379.34,Cash,Regular,Urban
101553,2023-11-26,Snacks,Chips,8,240.65,15,1636.42,177.72,Card,New,Semi-Urban
101554,2023-04-17,Beverages,Tea,4,87.11,10,313.6,85.93,Card,Regular,Semi-Urban
101555,2023-08-14,Dairy,Butter,10,25.22,5,239.59,56.47,Card,Member,Semi-Urban
101556,2023-11-09,Household,Tissue,12,473.98,0,5687.76,1320.17,Cash,New,Rural
101557,2023-08-06,Snacks,Chips,14,127.95,0,1791.3,399.33,UPI,Regular,Semi-Urban
101558,2023-08-29,Vegetables,Potato,16,127.57,0,2041.12,550.78,Card,Regular,Rural
101559,2023-09-16,Snacks,Chips,18,50.86,0,915.48,179.48,Cash,Member,Urban
101560,2023-09-19,Fruits,Orange,12,464.97,0,5579.64,1529.28,,New,Semi-Urban
101561,2023-01-05,Fruits,Orange,18,294.07,5,5028.6,864.36,Card,New,Urban
101562,2023-09-18,Beverages,Tea,7,336.85,0,2357.95,672.82,UPI,Regular,Rural
101563,2023-02-23,Beverages,Juice,7,,20,2557.35,613.08,Cash,Member,Rural
101564,2023-02-16,Dairy,Yogurt,9,179.35,0,1614.15,244.44,Card,Member,Semi-Urban
101565,2023-08-03,Household,Cleaner,1,314.54,15,267.36,56.9,UPI,Member,Semi-Urban
101566,2023-06-26,Snacks,Chocolate,6,29.01,15,147.95,30.57,,Member,Rural
101567,2023-01-09,Fruits,Apple,6,101.52,5,578.66,73.83,Cash,Member,Semi-Urban
101568,2023-04-09,Beverages,Soda,12,417.31,10,4506.95,983.64,Card,Member,Semi-Urban
101569,2023-01-20,Household,Detergent,12,385.72,0,4628.64,754.27,Card,New,Urban
101570,2023-08-29,Snacks,Nuts,10,,5,1727.2,190.8,UPI,Regular,Rural
101571,2023-03-02,Beverages,Coffee,6,194.64,0,1167.84,338.36,Card,Regular,Urban
101572,2023-06-27,Beverages,Tea,17,271.44,0,4614.48,1053.48,Card,Member,Semi-Urban
101573,2023-12-04,Fruits,Apple,19,10.12,5,182.67,50.3,UPI,New,Urban
101574,2023-03-03,Fruits,Orange,18,128.21,0,2307.78,542.82,Card,New,Rural
101575,2023-05-25,Beverages,Coffee,6,112.03,5,638.57,109.45,UPI,Member,Urban
101576,2023-08-04,Vegetables,Tomato,19,132.74,0,2522.06,510.81,UPI,Regular,Urban
101577,2023-01-03,Beverages,Juice,10,404.89,0,4048.9,952.1,UPI,Member,Semi-Urban
101578,2023-06-09,Household,Tissue,8,147.04,0,1176.32,343.54,Card,New,Rural
101579,2023-08-15,Beverages,Soda,6,103.85,0,623.1,93.92,UPI,Member,Semi-Urban
101580,2023-09-26,Dairy,Cheese,7,257.09,0,1799.63,494.89,Card,Regular,Semi-Urban
101581,2023-04-30,Dairy,Milk,1,434.17,0,434.17,123.66,UPI,Regular,Rural
101582,2023-03-30,Dairy,Butter,18,128.26,0,2308.68,540.42,Card,New,Urban
101583,2023-11-25,Vegetables,Potato,12,48.48,10,523.58,149.88,UPI,Member,Semi-Urban
101584,2023-03-09,Vegetables,Onion,16,184.64,0,2954.24,530.51,Cash,Member,Urban
101585,2023-12-23,Beverages,Soda,10,376.35,5,3575.32,1039.0,Cash,New,Rural
101586,2023-04-08,Dairy,Cheese,10,279.84,0,2798.4,673.17,Cash,Member,Semi-Urban
101587,2023-09-24,Vegetables,Onion,14,410.23,15,4881.74,529.19,,New,Urban
101588,2023-04-15,Fruits,Mango,10,480.2,0,4802.0,1351.16,Card,Member,Urban
101589,2023-11-19,Beverages,Soda,10,398.4,0,3984.0,784.43,UPI,Regular,Semi-Urban
101590,2023-05-03,Household,Detergent,11,305.86,5,3196.24,613.89,UPI,New,Rural
101591,2023-01-29,Snacks,Chocolate,2,251.74,0,503.48,107.39,UPI,Member,Urban
101592,2023-05-17,Beverages,Coffee,8,29.63,5,225.19,29.25,UPI,Member,Rural
101593,2023-07-14,Snacks,Biscuits,7,492.32,0,3446.24,668.0,Card,Member,Semi-Urban
101594,2023-08-14,Dairy,Cheese,8,197.91,20,1266.62,337.21,UPI,New,Urban
101595,2023-11-28,Snacks,Nuts,1,84.59,0,84.59,8.72,Cash,Regular,Urban
101596,2023-06-19,Dairy,Cheese,2,336.69,0,673.38,104.09,Cash,Member,Urban
101597,2023-01-09,Fruits,Mango,18,149.3,10,2418.66,243.05,Cash,New,Rural
101598,2023-02-09,Snacks,Nuts,15,297.03,0,4455.45,815.98,UPI,Member,Urban
101599,2023-01-25,Beverages,Tea,1,297.52,10,267.77,65.78,Card,Regular,Urban
101600,2023-09-18,Dairy,Milk,5,228.41,0,1142.05,296.65,Card,Regular,Semi-Urban
101601,2023-08-14,Beverages,Coffee,2,419.7,10,755.46,218.36,Card,Regular,Urban
101602,2023-05-04,Vegetables,Onion,3,139.83,0,419.49,93.0,UPI,New,Rural
101603,2023-02-07,Dairy,Milk,19,229.83,10,3930.09,593.15,Card,Member,Semi-Urban
101604,2023-11-24,Snacks,Biscuits,18,273.47,10,4430.21,1261.86,Cash,New,Semi-Urban
101605,2023-09-08,Dairy,Milk,18,335.18,0,6033.24,1538.86,Card,Member,Urban
101606,2023-06-25,Beverages,Coffee,14,394.15,0,5518.1,1185.76,UPI,New,Semi-Urban
101607,2023-03-31,Fruits,Mango,8,203.46,0,1627.68,389.22,UPI,Member,Urban
101608,2023-02-06,Dairy,Yogurt,12,326.56,20,3134.98,893.04,Card,New,Semi-Urban
101609,2023-11-12,Snacks,Nuts,10,,0,838.0,203.2,UPI,Member,Rural
101610,2023-06-25,Vegetables,Carrot,17,467.0,0,7939.0,1378.81,Card,New,Urban
101611,2023-10-11,Household,Cleaner,11,197.7,0,2174.7,527.59,Card,Regular,Rural
101612,2023-03-22,Fruits,Mango,2,367.47,0,734.94,79.41,Cash,New,Urban
101613,2023-04-24,Vegetables,Onion,4,19.97,5,75.89,13.45,UPI,Regular,Rural
101614,2023-02-09,Dairy,Cheese,1,110.54,20,88.43,16.03,Cash,Regular,Rural
101615,2023-10-28,Beverages,Coffee,15,248.67,5,3543.55,472.59,UPI,Member,Semi-Urban
101616,2023-08-12,Beverages,Coffee,13,440.34,10,5151.98,538.98,Card,Regular,Urban
101617,2023-11-14,Snacks,Chips,8,268.36,5,2039.54,258.36,UPI,Regular,Semi-Urban
101618,2023-12-15,Beverages,Soda,4,465.64,0,1862.56,430.11,Card,Member,Rural
101619,2023-04-25,Fruits,Mango,10,247.06,0,2470.6,643.49,UPI,New,Urban
101620,2023-07-05,Beverages,Coffee,19,,5,4518.28,1344.82,Cash,New,Rural
101621,2023-11-19,Snacks,Biscuits,18,68.68,20,988.99,167.41,Cash,Regular,Rural
101622,2023-02-25,Household,Cleaner,5,403.3,15,1714.02,376.87,Card,New,Rural
101623,2023-02-09,Dairy,Yogurt,19,131.01,0,2489.19,715.47,Cash,Regular,Rural
101624,2023-12-20,Dairy,Milk,16,450.81,0,7212.96,962.27,Card,New,Semi-Urban
101625,2023-02-09,Beverages,Coffee,1,456.3,0,456.3,111.12,Card,New,Rural
101626,2023-12-13,Vegetables,Tomato,12,472.22,15,4816.64,1208.96,Card,New,Semi-Urban
101627,2023-08-25,Dairy,Milk,2,264.91,15,450.35,53.05,UPI,Regular,Rural
101628,2023-10-16,Household,Tissue,8,341.78,10,2460.82,669.96,Card,Member,Urban
101629,2023-09-19,Beverages,Coffee,18,391.47,0,7046.46,1850.55,Cash,New,Rural
101630,2023-08-04,Snacks,Chips,16,74.2,5,1127.84,120.32,UPI,New,Rural
101631,2023-05-27,Household,Detergent,5,304.47,0,1522.35,179.97,Cash,New,Urban
101632,2023-12-02,Beverages,Soda,13,26.81,0,348.53,38.28,Card,Regular,Urban
101633,2023-06-17,Household,Tissue,19,253.81,5,4581.27,764.84,Card,Member,Rural
101634,2023-04-02,Dairy,Butter,3,85.87,0,257.61,52.0,Cash,Regular,Rural
101635,2023-12-19,Snacks,Biscuits,8,-100.0,0,797.04,164.56,UPI,New,Semi-Urban
101636,2023-02-28,Beverages,Coffee,12,188.87,15,1926.47,295.78,Cash,Regular,Urban
101637,2023-02-28,Fruits,Banana,2,221.89,10,399.4,112.76,Card,New,Urban
101638,2023-10-31,Snacks,Chocolate,11,315.35,0,3468.85,602.37,UPI,New,Semi-Urban
101639,2023-06-18,Fruits,Mango,12,46.47,5,529.76,57.8,Card,Regular,Rural
101640,2023-09-26,Household,Cleaner,18,256.81,0,4622.58,739.82,Card,New,Rural
101641,2023-12-29,Vegetables,Carrot,13,99.49,10,1164.03,240.05,Cash,New,Urban
101642,2023-02-14,Snacks,Chocolate,5,291.25,10,1310.62,238.07,Card,Member,Semi-Urban
101643,2023-12-11,Household,Detergent,12,322.33,10,3481.16,538.77,Cash,Regular,Rural
101644,2023-06-30,Fruits,Banana,2,282.79,10,509.02,64.27,UPI,Regular,Urban
101645,2023-06-19,Dairy,Butter,5,371.76,0,1858.8,490.41,Card,New,Rural
101646,2023-12-22,Dairy,Butter,7,174.45,0,1221.15,365.4,Card,New,Rural
101647,2023-07-10,Vegetables,Onion,12,384.9,0,4618.8,766.3,UPI,Regular,Rural
101648,2023-06-04,Snacks,Nuts,16,222.06,0,3552.96,626.47,Cash,Regular,Urban
101649,2023-07-07,Snacks,Biscuits,8,247.25,10,1780.2,398.07,Card,Regular,Semi-Urban
101650,2023-01-07,Snacks,Nuts,9,327.57,0,2948.13,718.42,UPI,New,Semi-Urban
101651,2023-05-13,Household,Detergent,15,19.0,0,285.0,50.85,Card,Member,Rural
101652,2023-08-23,Vegetables,Tomato,5,330.46,0,1652.3,464.27,Cash,Member,Semi-Urban
101653,2023-02-14,Snacks,Nuts,13,313.11,20,3256.34,690.35,Cash,New,Rural
101654,2023-11-10,Household,Detergent,5,161.83,0,809.15,153.8,Cash,New,Urban
101655,2023-09-06,Dairy,Cheese,11,52.04,5,543.82,124.72,Cash,New,Urban
101656,2023-01-31,Fruits,Mango,10,54.56,0,545.6,158.53,UPI,Regular,Urban
101657,2023-01-23,Household,Tissue,13,462.38,0,6010.94,1556.3,Card,New,Rural
101658,2023-06-09,Dairy,Cheese,9,347.75,0,3129.75,338.02,,Regular,Semi-Urban
101659,2023-12-29,Dairy,Yogurt,14,72.28,10,910.73,151.6,Cash,Member,Urban
101660,2023-06-07,Fruits,Orange,18,184.79,5,3159.91,613.37,Cash,New,Rural
101661,2023-02-08,Dairy,Yogurt,15,300.32,15,3829.08,623.77,Cash,New,Semi-Urban
101662,2023-03-23,Vegetables,Carrot,10,419.43,0,4194.3,1006.79,Cash,Regular,Semi-Urban
101663,2023-12-22,Fruits,Mango,7,31.39,0,219.73,58.28,Card,Regular,Semi-Urban
101664,2023-09-15,Dairy,Cheese,8,125.95,15,856.46,210.92,Cash,Regular,Rural
101665,2023-07-25,Beverages,Tea,3,445.98,0,1337.94,398.53,Card,Member,Rural
101666,2023-03-18,Household,Soap,15,14.49,5,206.48,31.9,Cash,Member,Rural
101667,2023-01-12,Dairy,Milk,16,108.69,10,1565.14,430.41,Card,New,Urban
101668,2023-10-22,Vegetables,Onion,4,479.92,0,1919.68,486.3,Card,New,Rural
101669,2023-08-12,Snacks,Chocolate,6,310.57,10,1677.08,289.19,Cash,Regular,Urban
101670,2023-01-13,Dairy,Butter,1,138.22,0,138.22,34.12,UPI,Member,Urban
101671,2023-02-15,Snacks,Biscuits,4,42.83,0,171.32,20.7,UPI,New,Urban
101672,2023-06-04,Beverages,Juice,11,23.81,0,261.91,67.54,UPI,Regular,Rural
101673,2023-04-23,Dairy,Butter,12,129.93,10,1403.24,289.72,UPI,Regular,Urban
101674,2023-08-21,Fruits,Banana,5,441.93,0,2209.65,350.14,UPI,Member,Rural
101675,2023-01-17,Snacks,Chips,16,213.8,10,3078.72,711.66,Cash,Member,Rural
101676,2023-12-26,Beverages,Coffee,13,362.96,15,4010.71,915.74,Cash,New,Urban
101677,2023-08-11,Fruits,Banana,13,459.96,5,5680.51,806.05,,New,Urban
101678,2023-12-20,Fruits,Apple,17,209.94,5,3390.53,359.67,Cash,Regular,Urban
101679,2023-07-07,Fruits,Banana,7,103.73,0,726.11,135.58,Cash,Regular,Rural
101680,2023-12-10,Fruits,Apple,8,263.39,0,2107.12,450.72,Cash,Regular,Rural
101681,2023-12-31,Dairy,Milk,13,454.96,0,5914.48,1628.38,,New,Urban
101682,2023-06-12,Household,Tissue,16,404.14,5,6142.93,1754.69,Card,Member,Urban
101683,2023-11-22,Dairy,Cheese,4,42.26,20,135.23,27.83,Cash,New,Semi-Urban
101684,2023-03-15,Dairy,Butter,8,349.36,15,2375.65,595.72,Cash,Member,Urban
101685,2023-08-21,Beverages,Coffee,16,290.23,15,3947.13,741.51,Card,New,Semi-Urban
101686,2023-08-12,Beverages,Coffee,10,,15,3864.61,963.12,Card,New,Semi-Urban
101687,2023-11-15,Household,Soap,12,70.02,0,840.24,118.44,Cash,Member,Rural
101688,2023-03-01,Beverages,Tea,12,271.68,5,3097.15,539.56,Card,New,Rural
101689,2023-12-01,Vegetables,Potato,5,440.94,15,1874.0,425.11,UPI,New,Semi-Urban
101690,2023-08-10,Household,Cleaner,16,210.91,0,3374.56,349.71,UPI,Regular,Semi-Urban
101691,2023-02-06,Beverages,Tea,1,246.18,20,196.94,48.15,UPI,Member,Urban
101692,2023-10-05,Household,Cleaner,9,44.53,0,400.77,107.05,Card,Member,Semi-Urban
101693,2023-07-15,Dairy,Butter,12,146.29,5,1667.71,299.9,Cash,Regular,Urban
101694,2023-12-18,Dairy,Butter,5,169.01,10,760.54,144.19,Cash,Member,Rural
101695,2023-08-30,Household,Soap,3,473.11,20,1135.46,306.87,Cash,Regular,Urban
101696,2023-11-20,Vegetables,Tomato,5,148.51,0,742.55,189.45,Card,Member,Rural
101697,2023-08-07,Vegetables,Carrot,2,235.83,10,424.49,66.91,Card,Member,Semi-Urban
101698,2023-07-11,Household,Soap,14,338.94,5,4507.9,742.88,UPI,Member,Semi-Urban
101699,2023-01-17,Beverages,Coffee,2,89.47,0,178.94,42.19,Card,Member,Semi-Urban
101700,2023-01-12,Snacks,Nuts,13,248.36,10,2905.81,617.89,UPI,Regular,Urban
101701,2023-07-12,Vegetables,Potato,7,371.88,5,2473.0,327.54,UPI,Regular,Rural
101702,2023-01-22,Fruits,Orange,10,434.76,5,4130.22,669.04,Cash,Member,Rural
101703,2023-04-30,Dairy,Milk,13,316.87,0,4119.31,1153.39,Card,New,Rural
101704,2023-07-29,Household,Detergent,16,337.84,0,5405.44,1284.52,Cash,Regular,Rural
101705,2023-11-02,Fruits,Apple,14,71.88,5,956.0,284.12,Cash,Member,Rural
101706,2023-09-27,Household,Tissue,11,473.43,0,5207.73,1319.65,Card,Regular,Urban
101707,2023-07-11,Dairy,Milk,10,74.96,0,749.6,216.18,Card,New,Rural
101708,2023-06-24,Dairy,Butter,6,389.59,20,1870.03,267.86,UPI,New,Semi-Urban
101709,2023-10-12,Vegetables,Carrot,4,139.76,5,531.09,135.05,UPI,New,Rural
101710,2023-07-23,Vegetables,Carrot,1,467.46,10,420.71,43.77,UPI,Member,Semi-Urban
101711,2023-06-13,Fruits,Banana,7,362.78,0,2539.46,594.62,UPI,Member,Urban
101712,2023-09-08,Household,Cleaner,9,379.37,0,3414.33,661.89,Cash,New,Urban
101713,2023-08-15,Dairy,Yogurt,8,117.34,0,938.72,158.97,Cash,Regular,Semi-Urban
101714,2023-01-07,Fruits,Orange,5,227.09,0,1135.45,309.39,Card,Regular,Rural
101715,2023-01-29,Snacks,Chips,19,312.73,5,5644.78,1528.91,UPI,New,Urban
101716,2023-02-02,Fruits,Orange,10,387.29,5,3679.26,384.34,UPI,Member,Urban
101717,2023-05-14,Beverages,Coffee,11,60.94,0,670.34,148.75,UPI,Regular,Urban
101718,2023-03-20,Fruits,Banana,15,481.56,0,7223.4,1253.74,Cash,Regular,Rural
101719,2023-02-27,Beverages,Coffee,6,446.21,0,2677.26,490.29,Card,Regular,Semi-Urban
101720,2023-01-26,Beverages,Tea,15,142.47,0,2137.05,569.33,Cash,Member,Semi-Urban
101721,2023-08-14,Beverages,Tea,5,413.15,0,2065.75,334.59,Card,New,Rural
101722,2023-10-12,Snacks,Nuts,19,263.98,15,4263.28,1230.42,Card,Member,Urban
101723,2023-01-04,Fruits,Orange,19,236.29,5,4265.03,579.73,Cash,Regular,Rural
101724,2023-04-09,Fruits,Apple,10,164.07,5,1558.66,362.46,Cash,New,Rural
101725,2023-02-08,Snacks,Nuts,12,294.67,0,3536.04,828.92,Card,Member,Semi-Urban
101726,2023-09-28,Dairy,Cheese,4,367.65,15,1250.01,188.05,Cash,New,Rural
101727,2023-10-12,Vegetables,Carrot,18,211.36,5,3614.26,596.17,Cash,Regular,Rural
101728,2023-06-06,Fruits,Apple,16,318.32,10,4583.81,1223.69,Card,Member,Urban
101729,2023-03-16,Vegetables,Tomato,8,352.66,0,2821.28,711.98,Card,New,Urban
101730,2023-10-15,Household,Soap,4,358.45,20,1147.04,190.2,UPI,Member,Semi-Urban
101731,2023-05-10,Household,Soap,12,35.46,10,382.97,79.19,Cash,Regular,Urban
101732,2023-06-24,Snacks,Chips,2,431.28,15,733.18,82.36,Card,New,Rural
101733,2023-03-25,Household,Detergent,4,234.54,0,938.16,132.98,Cash,Regular,Rural
101734,2023-01-22,Household,Cleaner,5,138.58,0,692.9,136.62,Cash,New,Rural
101735,2023-01-27,Dairy,Milk,3,128.46,0,385.38,45.16,Card,Regular,Semi-Urban
101736,2023-07-14,Dairy,Milk,9,246.68,0,2220.12,596.47,UPI,Regular,Urban
101737,2023-12-03,Dairy,Yogurt,18,444.55,15,6801.62,1656.88,Card,Member,Rural
101738,2023-08-24,Household,Detergent,11,195.39,0,2149.29,620.56,Card,Regular,Urban
101739,2023-04-02,Snacks,Biscuits,3,377.37,0,1132.11,270.23,Cash,Member,Urban
101740,2023-01-21,Beverages,Tea,2,57.44,0,114.88,33.09,UPI,Regular,Urban
101741,2023-10-30,Beverages,Soda,9,243.27,0,2189.43,461.76,Card,Regular,Urban
101742,2023-12-23,Vegetables,Carrot,14,495.93,0,6943.02,1527.77,Cash,Regular,Semi-Urban
101743,2023-03-25,Beverages,Coffee,4,387.51,10,1395.04,412.09,Card,New,Semi-Urban
101744,2023-09-19,Beverages,Tea,9,113.16,5,967.52,221.01,Cash,Member,Semi-Urban
101745,2023-05-27,Dairy,Yogurt,13,255.71,0,3324.23,352.89,Card,New,Rural
101746,2023-09-14,Dairy,Milk,18,124.48,0,2240.64,548.42,UPI,Member,Rural
101747,2023-02-27,Household,Soap,15,210.68,0,3160.2,888.31,Card,Regular,Rural
101748,2023-01-15,Vegetables,Carrot,10,392.24,0,3922.4,1016.36,Cash,New,Semi-Urban
101749,2023-06-11,Fruits,Orange,16,387.9,5,5896.08,1278.07,Card,Member,Urban
101750,2023-06-12,Vegetables,Potato,12,121.77,10,1315.12,308.08,UPI,Regular,Semi-Urban
101751,2023-11-16,Vegetables,Onion,5,461.89,10,2078.5,619.47,UPI,Member,Rural
101752,2023-10-08,Snacks,Biscuits,2,300.36,10,540.65,63.87,UPI,Member,Rural
101753,2023-10-07,Household,Tissue,10,196.16,0,1961.6,457.93,UPI,Regular,Urban
101754,2023-01-12,Snacks,Nuts,1,255.95,20,204.76,32.08,Cash,New,Semi-Urban
101755,2023-10-01,Vegetables,Tomato,7,306.48,10,1930.82,440.26,Card,Regular,Urban
101756,2023-09-28,Vegetables,Potato,17,284.35,15,4108.86,910.21,UPI,New,Semi-Urban
101757,2023-07-27,Vegetables,Onion,16,248.34,0,3973.44,519.29,Card,Member,Rural
101758,2023-01-27,Beverages,Coffee,3,257.42,15,656.42,92.78,Cash,Member,Urban
101759,2023-03-13,Snacks,Chocolate,14,96.44,10,1215.14,272.59,Card,Member,Urban
101760,2023-03-01,Vegetables,Tomato,10,408.24,10,3674.16,461.64,Card,New,Semi-Urban
101761,2023-05-25,Dairy,Cheese,7,275.46,0,1928.22,295.09,UPI,Regular,Semi-Urban
101762,2023-04-03,Household,Detergent,17,74.23,10,1135.72,303.29,UPI,New,Semi-Urban
101763,2023-11-05,Household,Tissue,6,385.42,20,1850.02,306.03,Cash,Member,Rural
101764,2023-01-08,Dairy,Cheese,-5,466.9,5,1774.22,350.61,Card,Member,Semi-Urban
101765,2023-03-20,Household,Tissue,17,474.18,5,7658.01,2207.25,Cash,Regular,Rural
101766,2023-01-27,Beverages,Juice,9,190.82,15,1459.77,212.29,Cash,New,Semi-Urban
101767,2023-06-23,Beverages,Soda,4,76.4,0,305.6,54.37,Cash,Member,Semi-Urban
101768,2023-02-19,Fruits,Mango,7,264.02,5,1755.73,388.53,UPI,New,Rural
101769,2023-07-18,Fruits,Orange,2,65.18,0,130.36,32.73,UPI,New,Semi-Urban
101770,2023-12-15,Fruits,Mango,17,467.65,15,6757.54,1894.35,Card,Regular,Rural
101771,2023-06-30,Household,Detergent,8,99.95,0,799.6,226.36,Card,Regular,Rural
101772,2023-01-24,Beverages,Juice,15,133.86,5,1907.5,487.04,Card,Member,Semi-Urban
101773,2023-11-12,Beverages,Soda,15,209.25,5,2981.81,434.35,UPI,Regular,Semi-Urban
101774,2023-02-15,Beverages,Soda,8,197.75,10,1423.8,149.44,UPI,New,Urban
101775,2023-01-15,Dairy,Yogurt,16,399.38,5,6070.58,1073.0,Cash,Regular,Semi-Urban
101776,2023-06-02,Beverages,Tea,19,233.6,15,3772.64,484.07,UPI,New,Urban
101777,2023-08-10,Dairy,Cheese,11,93.68,15,875.91,212.04,Cash,Member,Semi-Urban
101778,2023-07-25,Fruits,Orange,2,140.93,0,281.86,65.46,Cash,New,Rural
101779,2023-09-30,Fruits,Mango,17,259.47,0,4410.99,479.89,UPI,Regular,Rural
101780,2023-08-24,Household,Cleaner,16,82.25,0,1316.0,351.79,Cash,Regular,Urban
101781,2023-12-06,Fruits,Mango,15,309.71,0,4645.65,695.68,Cash,Member,Semi-Urban
101782,2023-08-16,Household,Soap,13,287.22,5,3547.17,661.35,Card,Regular,Urban
101783,2023-01-09,Vegetables,Onion,15,360.2,15,4592.55,1072.76,Cash,Member,Semi-Urban
101784,2023-06-15,Vegetables,Onion,4,469.48,10,1690.13,314.17,UPI,Member,Semi-Urban
101785,2023-11-15,Snacks,Chips,16,457.0,0,7312.0,1376.54,UPI,Regular,Rural
101786,2023-08-02,Household,Cleaner,12,-100.0,0,5682.96,642.89,Cash,New,Urban
101787,2023-04-27,Snacks,Chips,4,129.91,5,493.66,89.0,Card,Member,Rural
101788,2023-12-10,Snacks,Biscuits,3,74.47,5,212.24,53.69,UPI,New,Rural
101789,2023-03-13,Vegetables,Carrot,17,158.12,0,2688.04,760.81,UPI,Regular,Rural
101790,2023-03-05,Household,Soap,18,448.59,15,6863.43,1253.94,Card,New,Urban
101791,2023-07-24,Vegetables,Onion,18,486.31,15,7440.54,1374.4,Cash,New,Semi-Urban
101792,2023-07-28,Snacks,Chips,17,431.07,0,7328.19,1762.62,UPI,New,Semi-Urban
101793,2023-03-13,Household,Cleaner,12,63.91,15,651.88,188.1,Cash,New,Urban
101794,2023-10-04,Snacks,Biscuits,4,474.24,0,1896.96,291.02,Cash,Regular,Semi-Urban
101795,2023-10-01,Beverages,Juice,12,217.45,10,2348.46,441.58,Cash,Regular,Urban
101796,2023-11-16,Household,Detergent,15,14.56,0,218.4,56.61,Cash,New,Urban
101797,2023-12-04,Household,Tissue,16,226.77,0,3628.32,805.26,UPI,Regular,Semi-Urban
101798,2023-04-05,Snacks,Chocolate,5,32.57,15,138.42,16.9,Card,Regular,Rural
101799,2023-06-15,Beverages,Tea,15,276.5,0,4147.5,935.45,UPI,Member,Urban
101800,2023-02-01,Dairy,Cheese,17,175.89,10,2691.12,369.62,Card,Regular,Urban
101801,2023-01-11,Vegetables,Carrot,18,,0,4355.64,880.03,Cash,New,Urban
101802,2023-10-28,Snacks,Chips,5,310.45,0,1552.25,319.49,Card,Regular,Urban
101803,2023-08-05,Household,Soap,13,435.71,0,5664.23,1559.03,Cash,Regular,Semi-Urban
101804,2023-10-16,Vegetables,Onion,19,334.33,0,6352.27,1222.8,UPI,Regular,Semi-Urban
101805,2023-04-12,Vegetables,Potato,13,222.68,5,2750.1,428.71,UPI,Regular,Urban
101806,2023-09-24,Vegetables,Potato,18,411.52,0,7407.36,1082.91,Card,Member,Rural
101807,2023-08-02,Dairy,Milk,14,453.74,5,6034.74,1658.65,Cash,New,Semi-Urban
101808,2023-06-28,Fruits,Mango,4,68.68,5,260.98,35.02,Cash,New,Rural
101809,2023-03-29,Snacks,Nuts,4,270.65,10,974.34,180.42,Card,Regular,Rural
101810,2023-02-10,Fruits,Apple,19,,0,2838.79,390.15,Cash,Regular,Urban
101811,2023-03-17,Fruits,Apple,13,33.06,15,365.31,93.03,Cash,Member,Semi-Urban
101812,2023-02-15,Fruits,Banana,12,,0,4051.08,789.45,Cash,Regular,Urban
101813,2023-06-09,Vegetables,Carrot,7,432.76,0,3029.32,515.68,UPI,Member,Urban
101814,2023-03-21,Beverages,Juice,12,89.82,0,1077.84,185.63,UPI,New,Rural
101815,2023-11-06,Vegetables,Tomato,4,408.08,0,1632.32,441.45,UPI,New,Rural
101816,2023-03-27,Vegetables,Onion,2,428.16,0,856.32,180.47,,Member,Rural
101817,2023-04-02,Household,Soap,2,458.03,5,870.26,211.97,UPI,New,Urban
101818,2023-05-28,Household,Soap,5,139.99,0,699.95,195.57,Cash,Regular,Urban
101819,2023-06-10,Fruits,Mango,10,452.94,0,4529.4,1269.81,Cash,Regular,Urban
101820,2023-07-21,Vegetables,Potato,10,167.12,10,1504.08,249.23,Card,Member,Urban
101821,2023-08-30,Fruits,Mango,9,280.65,0,2525.85,733.73,Cash,New,Urban
101822,2023-12-19,Household,Detergent,13,34.75,0,451.75,47.42,UPI,New,Urban
101823,2023-01-02,Beverages,Tea,7,31.5,0,220.5,38.67,UPI,Member,Urban
101824,2023-08-13,Snacks,Chips,5,362.98,10,1633.41,455.98,Cash,Member,Urban
101825,2023-10-16,Fruits,Orange,10,227.8,0,2278.0,352.92,UPI,New,Semi-Urban
101826,2023-08-21,Beverages,Soda,10,135.58,0,1355.8,209.63,Cash,Member,Semi-Urban
101827,2023-03-18,Snacks,Nuts,6,103.3,5,588.81,94.52,Card,Regular,Semi-Urban
101828,2023-04-26,Dairy,Yogurt,19,338.28,5,6105.95,1358.35,Cash,New,Semi-Urban
101829,2023-06-03,Fruits,Orange,8,10.2,5,77.52,14.55,Cash,Member,Urban
101830,2023-04-13,Fruits,Banana,1,404.89,10,364.4,89.4,Card,Member,Urban
101831,2023-07-13,Dairy,Butter,17,48.83,0,830.11,231.59,UPI,Member,Rural
101832,2023-06-15,Dairy,Butter,7,103.83,0,726.81,170.68,Card,New,Rural
101833,2023-12-25,Fruits,Apple,14,199.26,0,2789.64,393.04,Card,Regular,Semi-Urban
101834,2023-03-31,Dairy,Butter,17,247.58,0,4208.86,1205.99,Cash,Regular,Rural
101835,2023-06-23,Vegetables,Tomato,9,183.95,0,1655.55,253.13,Cash,New,Semi-Urban
101836,2023-05-02,Snacks,Chips,17,167.15,0,2841.55,369.34,Card,Member,Urban
101837,2023-05-23,Snacks,Nuts,5,482.32,5,2291.02,270.33,UPI,New,Urban
101838,2023-04-16,Snacks,Chips,8,324.37,5,2465.21,524.29,Card,New,Rural
101839,2023-11-01,Vegetables,Tomato,6,21.48,0,128.88,15.82,UPI,Member,Urban
101840,2023-12-26,Dairy,Yogurt,11,220.79,10,2185.82,279.25,Card,New,Urban
101841,2023-11-13,Beverages,Tea,19,438.75,0,8336.25,1333.85,Card,Regular,Semi-Urban
101842,2023-05-03,Dairy,Cheese,4,157.71,0,630.84,98.62,UPI,New,Rural
101843,2023-01-09,Fruits,Banana,18,56.33,5,963.24,212.73,Card,Member,Urban
101844,2023-09-19,Household,Detergent,1,381.61,0,381.61,100.5,Cash,New,Rural
101845,2023-03-14,Snacks,Chocolate,13,306.95,0,3990.35,1006.65,Card,Regular,Urban
101846,2023-12-25,Dairy,Milk,14,289.45,0,4052.3,617.96,,New,Semi-Urban
101847,2023-08-11,Beverages,Soda,1,36.25,15,30.81,4.59,UPI,New,Urban
101848,2023-02-10,Fruits,Orange,11,78.84,10,780.52,228.81,UPI,New,Rural
101849,2023-07-23,Vegetables,Tomato,17,315.05,0,5355.85,544.41,Cash,New,Rural
101850,2023-09-21,Vegetables,Carrot,4,111.83,10,402.59,111.09,Card,Member,Semi-Urban
101851,2023-11-24,Beverages,Soda,12,256.99,10,2775.49,388.42,Cash,Regular,Urban
101852,2023-06-27,Fruits,Apple,10,276.99,5,2631.4,761.68,Cash,Regular,Semi-Urban
101853,2023-12-14,Snacks,Biscuits,6,148.92,10,804.17,135.47,UPI,Regular,Rural
101854,2023-11-14,Dairy,Cheese,1,474.73,0,474.73,89.28,Cash,New,Semi-Urban
101855,2023-03-25,Fruits,Banana,7,422.81,0,2959.67,714.54,Card,Regular,Urban
101856,2023-11-14,Vegetables,Tomato,16,363.96,5,5532.19,1203.44,Cash,Member,Urban
101857,2023-04-21,Beverages,Tea,14,48.22,5,641.33,104.91,UPI,New,Semi-Urban
101858,2023-09-08,Beverages,Juice,6,62.0,5,353.4,74.48,Card,New,Rural
101859,2023-01-07,Dairy,Cheese,5,251.46,5,1194.44,294.0,UPI,Regular,Rural
101860,2023-03-25,Beverages,Juice,18,88.75,15,1357.88,147.28,Cash,New,Semi-Urban
101861,2023-07-27,Beverages,Coffee,15,489.35,15,6239.21,637.9,Cash,New,Urban
101862,2023-11-10,Fruits,Orange,6,87.67,15,447.12,85.67,UPI,Regular,Urban
101863,2023-01-22,Snacks,Chips,19,248.86,10,4255.51,537.76,UPI,Member,Urban
101864,2023-01-03,Dairy,Yogurt,1,188.42,15,160.16,37.3,Card,Member,Urban
101865,2023-05-07,Fruits,Orange,1,323.3,0,323.3,46.17,UPI,Regular,Rural
101866,2023-10-24,Snacks,Nuts,13,73.23,0,951.99,177.61,UPI,Member,Urban
101867,2023-07-07,Fruits,Orange,3,220.86,0,662.58,92.45,Cash,Member,Semi-Urban
101868,2023-12-28,Household,Soap,10,144.61,10,1301.49,272.92,Cash,Member,Semi-Urban
101869,2023-01-14,Fruits,Mango,3,445.0,5,1268.25,156.26,UPI,New,Semi-Urban
101870,2023-01-12,Beverages,Soda,9,29.89,10,242.11,25.33,UPI,New,Semi-Urban
101871,2023-03-28,Snacks,Nuts,8,457.73,0,3661.84,403.63,Cash,New,Urban
101872,2023-01-12,Dairy,Butter,3,418.17,0,1254.51,364.88,Card,Member,Rural
101873,2023-01-25,Dairy,Milk,13,155.81,10,1822.98,234.17,Card,New,Urban
101874,2023-10-28,Snacks,Chocolate,6,396.75,0,2380.5,575.36,Card,Member,Rural
101875,2023-08-31,Beverages,Coffee,13,25.29,0,328.77,37.34,Card,Regular,Urban
101876,2023-05-02,Vegetables,Carrot,12,483.76,0,5805.12,706.09,Cash,Member,Rural
101877,2023-05-27,Fruits,Banana,13,268.03,0,3484.39,703.06,UPI,New,Semi-Urban
101878,2023-02-24,Beverages,Juice,2,158.61,10,285.5,55.09,Card,Member,Semi-Urban
101879,2023-08-26,Household,Soap,16,187.67,0,3002.72,871.74,Cash,New,Rural
101880,2023-12-22,Snacks,Nuts,6,42.54,5,242.48,70.07,UPI,New,Rural
101881,2023-06-22,Fruits,Apple,19,494.78,0,9400.82,2405.87,Card,Regular,Rural
101882,2023-08-09,Dairy,Cheese,13,29.25,10,342.22,75.43,UPI,Regular,Semi-Urban
101883,2023-04-29,Vegetables,Onion,17,,0,5625.3,1074.39,Card,New,Semi-Urban
101884,2023-11-05,Household,Soap,9,226.94,5,1940.34,332.25,UPI,Member,Urban
101885,2023-07-02,Dairy,Yogurt,17,474.97,10,7267.04,2103.21,Card,Regular,Rural
101886,2023-10-15,Snacks,Chocolate,2,130.54,0,261.08,57.59,Card,Regular,Rural
101887,2023-11-03,Fruits,Orange,19,270.72,15,4372.13,943.57,UPI,New,Rural
101888,2023-10-27,Snacks,Biscuits,19,246.35,5,4446.62,650.9,UPI,Member,Semi-Urban
101889,2023-03-23,Fruits,Mango,7,354.4,0,2480.8,271.25,UPI,Regular,Rural
101890,2023-07-30,Beverages,Juice,10,43.33,0,433.3,125.24,Cash,Regular,Rural
101891,2023-05-30,Vegetables,Carrot,10,104.96,15,892.16,145.2,Cash,Member,Semi-Urban
101892,2023-02-06,Beverages,Tea,9,115.14,10,932.63,175.82,UPI,Regular,Rural
101893,2023-12-18,Beverages,Coffee,17,371.69,0,6318.73,776.75,Cash,Member,Urban
101894,2023-11-08,Snacks,Chips,15,102.68,0,1540.2,411.83,,New,Semi-Urban
101895,2023-12-27,Vegetables,Tomato,2,291.01,10,523.82,55.28,UPI,Regular,Semi-Urban
101896,2023-02-28,Fruits,Banana,4,115.47,5,438.79,117.07,Cash,New,Semi-Urban
101897,2023-05-11,Fruits,Apple,19,432.2,10,7390.62,946.42,UPI,Member,Urban
101898,2023-07-21,Household,Soap,17,471.67,0,8018.39,2223.6,Card,New,Semi-Urban
101899,2023-08-31,Dairy,Yogurt,5,264.06,10,1188.27,292.26,Card,New,Semi-Urban
101900,2023-02-04,Household,Tissue,7,182.63,0,1278.41,169.94,Cash,New,Semi-Urban
101901,2023-04-03,Household,Cleaner,18,124.69,0,2244.42,478.43,Card,Member,Semi-Urban
101902,2023-07-26,Fruits,Banana,7,34.39,5,228.69,37.17,UPI,Member,Urban
101903,2023-12-19,Snacks,Nuts,17,141.57,20,1925.35,261.17,Cash,Member,Rural
101904,2023-11-28,Beverages,Juice,7,330.58,0,2314.06,629.05,UPI,Member,Rural
101905,2023-11-01,Beverages,Tea,4,271.47,0,1085.88,196.22,UPI,Member,Semi-Urban
101906,2023-12-16,Beverages,Coffee,8,472.58,5,3591.61,645.44,UPI,Regular,Urban
101907,2023-08-01,Vegetables,Potato,13,204.18,5,2521.62,337.84,Card,Regular,Semi-Urban
101908,2023-06-08,Fruits,Banana,4,-100.0,10,1259.96,222.53,UPI,Regular,Rural
101909,2023-01-24,Snacks,Chocolate,6,249.77,10,1348.76,370.0,Card,New,Rural
101910,2023-10-20,Vegetables,Onion,5,261.16,0,1305.8,225.41,UPI,New,Urban
101911,2023-01-04,Dairy,Butter,12,141.21,20,1355.62,393.56,Card,Member,Rural
101912,2023-08-08,Snacks,Chocolate,4,232.93,10,838.55,242.56,Card,Member,Semi-Urban
101913,2023-12-30,Household,Cleaner,9,240.68,15,1841.2,237.48,Card,Regular,Urban
101914,2023-01-20,Snacks,Chips,4,356.25,5,1353.75,183.38,UPI,Member,Rural
101915,2023-06-01,Snacks,Chips,19,470.91,15,7605.2,2072.68,UPI,New,Semi-Urban
101916,2023-02-19,Beverages,Coffee,14,171.37,0,2399.18,428.38,Card,Member,Urban
101917,2023-06-26,Snacks,Biscuits,5,30.68,0,153.4,15.47,UPI,Regular,Semi-Urban
101918,2023-04-06,Household,Soap,18,253.18,15,3873.65,599.54,Card,Member,Rural
101919,2023-04-15,Household,Soap,10,276.79,0,2767.9,607.63,UPI,New,Semi-Urban
101920,2023-09-07,Fruits,Apple,19,92.54,0,1758.26,456.89,Card,Regular,Urban
101921,2023-04-27,Snacks,Nuts,12,382.63,10,4132.4,523.48,Card,Member,Semi-Urban
101922,2023-12-20,Beverages,Tea,18,492.62,10,7980.44,974.48,Cash,New,Rural
101923,2023-08-16,Snacks,Nuts,17,473.43,0,8048.31,2289.09,UPI,Regular,Urban
101924,2023-03-07,Dairy,Cheese,11,106.58,15,996.52,249.36,UPI,Regular,Urban
101925,2023-12-01,Dairy,Cheese,3,438.93,5,1250.95,272.65,Cash,New,Rural
101926,2023-09-19,Beverages,Soda,17,355.2,5,5736.48,1456.13,Card,Member,Semi-Urban
101927,2023-10-22,Fruits,Banana,1,232.38,10,209.14,38.85,Card,Member,Semi-Urban
101928,2023-08-31,Fruits,Apple,15,274.9,0,4123.5,1037.85,Cash,Member,Rural
101929,2023-07-05,Household,Soap,9,426.3,0,3836.7,668.97,Cash,Regular,Urban
101930,2023-09-03,Household,Tissue,15,245.27,0,3679.05,547.51,Card,Regular,Rural
101931,2023-05-05,Vegetables,Onion,3,192.87,5,549.68,135.11,UPI,Member,Urban
101932,2023-09-25,Beverages,Soda,19,251.69,5,4543.0,835.62,Cash,Regular,Urban
101933,2023-05-11,Snacks,Nuts,13,293.77,10,3437.11,1018.33,Cash,Regular,Semi-Urban
101934,2023-08-25,Beverages,Juice,12,,10,1108.62,188.35,Cash,New,Rural
101935,2023-01-18,Vegetables,Tomato,1,451.44,5,428.87,121.95,,Member,Urban
101936,2023-02-09,Household,Cleaner,17,340.35,10,5207.36,1492.39,Cash,Member,Semi-Urban
101937,2023-01-21,Beverages,Tea,13,320.3,0,4163.9,617.8,Cash,Member,Rural
101938,2023-08-13,Beverages,Tea,1,58.75,0,58.75,15.25,Card,Regular,Rural
101939,2023-12-21,Household,Tissue,10,306.05,15,2601.42,485.46,Card,Regular,Urban
101940,2023-10-09,Vegetables,Tomato,15,69.27,0,1039.05,294.58,Cash,Regular,Urban
101941,2023-01-08,Household,Soap,7,48.56,0,339.92,64.59,Card,Member,Urban
101942,2023-04-10,Fruits,Orange,18,268.38,5,4589.3,1142.1,UPI,Regular,Rural
101943,2023-08-28,Snacks,Biscuits,16,207.36,0,3317.76,641.63,UPI,Member,Urban
101944,2023-03-28,Household,Cleaner,14,298.52,15,3552.39,517.09,Cash,Regular,Rural
101945,2023-10-25,Vegetables,Carrot,18,53.72,0,966.96,135.25,UPI,Member,Semi-Urban
101946,2023-01-14,Dairy,Butter,7,221.18,0,1548.26,286.56,UPI,New,Rural
101947,2023-11-30,Fruits,Orange,17,95.65,0,1626.05,408.3,Card,Regular,Urban
101948,2023-01-02,Dairy,Yogurt,18,493.68,5,8441.93,1865.79,Card,Member,Rural
101949,2023-10-20,Household,Cleaner,12,284.96,0,3419.52,812.91,Card,New,Urban
101950,2023-11-21,Fruits,Apple,8,346.84,5,2635.98,412.44,Card,New,Semi-Urban
101951,2023-02-10,Snacks,Biscuits,2,169.45,15,288.06,56.54,UPI,Regular,Urban
101952,2023-11-14,Household,Cleaner,7,56.42,15,335.7,36.55,Cash,Member,Urban
101953,2023-11-12,Snacks,Nuts,4,488.18,0,1952.72,514.55,Card,Regular,Urban
101954,2023-04-21,Beverages,Soda,18,150.27,0,2704.86,805.99,UPI,New,Urban
101955,2023-01-14,Dairy,Yogurt,6,217.67,5,1240.72,225.04,Card,Regular,Urban
101956,2023-08-19,Fruits,Banana,9,328.43,15,2512.49,256.76,UPI,Member,Urban
101957,2023-03-25,Snacks,Biscuits,9,22.1,20,159.12,21.32,Card,New,Semi-Urban
101958,2023-05-10,Vegetables,Onion,14,407.03,0,5698.42,1313.52,Cash,Regular,Semi-Urban
101959,2023-08-19,Snacks,Chips,8,272.92,10,1965.02,437.05,Card,Regular,Rural
101960,2023-11-22,Vegetables,Onion,19,146.33,0,2780.27,716.12,Cash,Regular,Urban
101961,2023-05-25,Household,Tissue,3,40.19,0,120.57,18.18,Card,Regular,Rural
101962,2023-12-11,Fruits,Mango,18,89.62,0,1613.16,407.69,Card,Regular,Semi-Urban
101963,2023-01-28,Snacks,Biscuits,5,448.57,0,2242.85,532.89,Card,New,Semi-Urban
101964,2023-03-07,Snacks,Biscuits,14,346.15,0,4846.1,797.49,UPI,New,Urban
101965,2023-06-12,Fruits,Apple,4,132.45,0,529.8,110.78,UPI,Member,Urban
101966,2023-08-17,Snacks,Chocolate,7,42.14,5,280.23,36.28,Cash,Regular,Rural
101967,2023-09-18,Vegetables,Carrot,12,348.4,0,4180.8,796.5,Cash,Member,Semi-Urban
101968,2023-06-13,Snacks,Biscuits,2,290.48,5,551.91,152.46,UPI,New,Rural
101969,2023-10-28,Dairy,Milk,-5,208.21,0,2290.31,421.96,Cash,Regular,Rural
101970,2023-10-30,Household,Tissue,14,188.17,0,2634.38,705.79,Cash,Member,Rural
101971,2023-10-14,Beverages,Soda,16,116.24,0,1859.84,405.54,,Regular,Urban
101972,2023-01-10,Vegetables,Carrot,6,338.11,0,2028.66,280.72,UPI,Regular,Semi-Urban
101973,2023-07-14,Dairy,Milk,4,485.63,5,1845.39,399.01,UPI,Member,Rural
101974,2023-04-28,Household,Soap,15,96.1,0,1441.5,290.02,UPI,New,Semi-Urban
101975,2023-09-27,Fruits,Mango,1,,5,287.46,51.66,Card,Member,Semi-Urban
101976,2023-03-21,Vegetables,Onion,7,217.85,0,1524.95,188.98,UPI,Member,Rural
101977,2023-04-03,Beverages,Coffee,12,228.88,5,2609.23,478.38,Cash,Member,Rural
101978,2023-09-23,Household,Detergent,10,134.53,10,1210.77,138.7,Card,Regular,Urban
101979,2023-11-28,Beverages,Tea,5,414.32,0,2071.6,248.08,Card,New,Semi-Urban
101980,2023-12-16,Fruits,Banana,12,247.78,0,2973.36,544.67,Cash,New,Rural
101981,2023-12-27,Fruits,Mango,18,276.27,0,4972.86,801.01,Card,Regular,Rural
101982,2023-09-14,Vegetables,Onion,10,159.33,5,1513.64,431.55,Cash,New,Semi-Urban
101983,2023-05-13,Snacks,Biscuits,6,99.09,0,594.54,104.13,,Member,Rural
101984,2023-10-03,Fruits,Mango,12,52.1,5,593.94,149.42,Card,New,Semi-Urban
101985,2023-09-21,Household,Tissue,7,359.92,5,2393.47,493.17,Cash,Regular,Rural
101986,2023-06-20,Snacks,Chocolate,18,106.15,15,1624.1,391.11,Cash,New,Semi-Urban
101987,2023-01-01,Dairy,Yogurt,2,348.14,5,661.47,100.56,Cash,Regular,Rural
101988,2023-11-09,Beverages,Juice,10,201.28,5,1912.16,551.43,Cash,Member,Rural
101989,2023-03-05,Snacks,Biscuits,15,213.73,0,3205.95,660.48,UPI,Regular,Urban
101990,2023-10-11,Beverages,Soda,12,239.9,15,2446.98,651.54,UPI,New,Semi-Urban
101991,2023-05-01,Snacks,Nuts,17,190.18,10,2909.75,503.41,Cash,Member,Urban
101992,2023-04-17,Dairy,Yogurt,4,59.3,0,237.2,28.47,UPI,New,Rural
101993,2023-06-24,Fruits,Apple,7,161.72,10,1018.84,239.16,,Regular,Semi-Urban
101994,2023-07-23,Dairy,Butter,9,335.23,0,3017.07,306.39,Cash,Member,Semi-Urban
101995,2023-06-14,Fruits,Mango,-5,,10,5749.53,1121.5,Card,Regular,Rural
101996,2023-11-01,Fruits,Mango,7,150.25,10,946.58,131.16,Cash,New,Rural
101997,2023-04-30,Beverages,Coffee,2,235.45,0,470.9,106.18,Cash,Regular,Rural
101998,2023-02-13,Household,Tissue,6,104.79,10,565.87,167.43,Cash,New,Rural
101999,2023-11-08,Dairy,Cheese,18,113.08,0,2035.44,392.6,Cash,New,Semi-Urban
101596,2023-06-19,Dairy,Cheese,2,336.69,0,673.38,104.09,Cash,Member,Urban
101472,2023-01-14,Beverages,Tea,14,123.18,5,1638.29,319.08,Card,New,Semi-Urban
101715,2023-01-29,Snacks,Chips,19,312.73,5,5644.78,1528.91,UPI,New,Urban
101367,2023-05-10,Fruits,Orange,4,64.17,0,256.68,68.65,Cash,New,Urban
101984,2023-10-03,Fruits,Mango,12,52.1,5,593.94,149.42,Card,New,Semi-Urban
101561,2023-01-05,Fruits,Orange,18,294.07,5,5028.6,864.36,Card,New,Urban
101131,2023-12-12,Household,Tissue,2,184.54,5,350.63,84.51,Card,Member,Semi-Urban
101507,2023-09-02,Snacks,Biscuits,8,434.9,0,3479.2,808.34,Card,Regular,Semi-Urban
100298,2023-03-09,Snacks,Nuts,4,331.35,0,1325.4,257.04,Cash,Member,Rural
101803,2023-08-05,Household,Soap,13,435.71,0,5664.23,1559.03,Cash,Regular,Semi-Urban
100194,2023-06-29,Snacks,Chocolate,2,277.77,15,472.21,51.71,Card,New,Urban
100938,2023-08-14,Beverages,Soda,12,468.41,0,5620.92,1127.81,Card,Member,Urban
100155,2023-08-31,Dairy,Milk,3,324.13,0,972.39,251.07,UPI,Member,Semi-Urban
100669,2023-08-15,Fruits,Mango,16,453.9,0,7262.4,1216.82,Cash,Member,Urban
100644,2023-02-27,Household,Cleaner,17,280.34,0,4765.78,530.76,UPI,Regular,Rural
100914,2023-01-25,Snacks,Nuts,19,-100.0,0,5741.23,1172.35,Card,Regular,Rural
101024,2023-11-30,Snacks,Nuts,17,30.13,20,409.77,42.64,UPI,Regular,Semi-Urban
101203,2023-03-25,Snacks,Nuts,18,297.81,0,5360.58,1345.61,Cash,New,Semi-Urban
101338,2023-05-08,Dairy,Milk,12,321.69,5,3667.27,684.82,Cash,Regular,Urban
101366,2023-03-05,Beverages,Tea,9,37.98,10,307.64,52.37,Cash,Regular,Urban
